-- MySQL dump 10.13  Distrib 8.1.0, for Linux (x86_64)
--
-- Host: localhost    Database: feedback
-- ------------------------------------------------------
-- Server version	8.1.0

/*!40101 SET @OLD_CHARACTER_SET_CLIENT=@@CHARACTER_SET_CLIENT */;
/*!40101 SET @OLD_CHARACTER_SET_RESULTS=@@CHARACTER_SET_RESULTS */;
/*!40101 SET @OLD_COLLATION_CONNECTION=@@COLLATION_CONNECTION */;
/*!50503 SET NAMES utf8mb4 */;
/*!40103 SET @OLD_TIME_ZONE=@@TIME_ZONE */;
/*!40103 SET TIME_ZONE='+00:00' */;
/*!40014 SET @OLD_UNIQUE_CHECKS=@@UNIQUE_CHECKS, UNIQUE_CHECKS=0 */;
/*!40014 SET @OLD_FOREIGN_KEY_CHECKS=@@FOREIGN_KEY_CHECKS, FOREIGN_KEY_CHECKS=0 */;
/*!40101 SET @OLD_SQL_MODE=@@SQL_MODE, SQL_MODE='NO_AUTO_VALUE_ON_ZERO' */;
/*!40111 SET @OLD_SQL_NOTES=@@SQL_NOTES, SQL_NOTES=0 */;

--
-- Table structure for table `DATABASECHANGELOG`
--

DROP TABLE IF EXISTS `DATABASECHANGELOG`;
/*!40101 SET @saved_cs_client     = @@character_set_client */;
/*!50503 SET character_set_client = utf8mb4 */;
CREATE TABLE `DATABASECHANGELOG` (
  `ID` varchar(255) NOT NULL,
  `AUTHOR` varchar(255) NOT NULL,
  `FILENAME` varchar(255) NOT NULL,
  `DATEEXECUTED` datetime NOT NULL,
  `ORDEREXECUTED` int NOT NULL,
  `EXECTYPE` varchar(10) NOT NULL,
  `MD5SUM` varchar(35) DEFAULT NULL,
  `DESCRIPTION` varchar(255) DEFAULT NULL,
  `COMMENTS` varchar(255) DEFAULT NULL,
  `TAG` varchar(255) DEFAULT NULL,
  `LIQUIBASE` varchar(20) DEFAULT NULL,
  `CONTEXTS` varchar(255) DEFAULT NULL,
  `LABELS` varchar(255) DEFAULT NULL,
  `DEPLOYMENT_ID` varchar(10) DEFAULT NULL
) ENGINE=InnoDB DEFAULT CHARSET=utf8mb4 COLLATE=utf8mb4_0900_ai_ci;
/*!40101 SET character_set_client = @saved_cs_client */;

--
-- Dumping data for table `DATABASECHANGELOG`
--

LOCK TABLES `DATABASECHANGELOG` WRITE;
/*!40000 ALTER TABLE `DATABASECHANGELOG` DISABLE KEYS */;
INSERT INTO `DATABASECHANGELOG` VALUES ('0001','sachin@clarityloop.com','liquibase/feedback/0001-feedback-schema.sql','2026-01-05 18:19:49',1,'EXECUTED','9:f8386fd344a93313ff37014a0e2c12e9','sql','',NULL,'4.27.0',NULL,NULL,'7637189623'),('0002','sachin@clarityloop.com','liquibase/feedback/0002-feedback-context.sql','2026-01-05 18:19:49',2,'EXECUTED','9:dfe09a162bea9d4d26d993e12ae1cca0','sql','',NULL,'4.27.0',NULL,NULL,'7637189623'),('0003','sachin@clarityloop.com','liquibase/feedback/0003-feedback-shared-only-with-manager.sql','2026-01-05 18:19:49',3,'EXECUTED','9:7f6a3684120b25376698ada14ad17055','sql','',NULL,'4.27.0',NULL,NULL,'7637189623'),('0004','sachin@clarityloop.com','liquibase/feedback/0004-feedback-request-schema.sql','2026-01-05 18:19:49',4,'EXECUTED','9:72380306e8b7f882a397bc283ec06073','sql','',NULL,'4.27.0',NULL,NULL,'7637189623'),('0005','sachin@clarityloop.com','liquibase/feedback/0005-feedback-request-link.sql','2026-01-05 18:19:50',5,'EXECUTED','9:712bf97c62aa08cade2a95c2d70acf4c','sql','',NULL,'4.27.0',NULL,NULL,'7637189623'),('0006','sachin@clarityloop.com','liquibase/feedback/0006-growth-opportunities.sql','2026-01-05 18:19:50',6,'EXECUTED','9:de6b31518d525ad7fe91b41fd58a0c7e','sql','',NULL,'4.27.0',NULL,NULL,'7637189623'),('0007','sachin@clarityloop.com','liquibase/feedback/0007-focus-area.sql','2026-01-05 18:19:50',7,'EXECUTED','9:ee62f37540fef6e5499ddd402dfdc08d','sql','',NULL,'4.27.0',NULL,NULL,'7637189623'),('0008','sachin@clarityloop.com','liquibase/feedback/0008-feedback-value.sql','2026-01-05 18:19:50',8,'EXECUTED','9:f97ffb8e0d01c8b225177b9ffae6f6b5','sql','',NULL,'4.27.0',NULL,NULL,'7637189623'),('0009','sachin@clarityloop.com','liquibase/feedback/0009-strengths.sql','2026-01-05 18:19:50',9,'EXECUTED','9:54467da575e81bb955088958054321c3','sql','',NULL,'4.27.0',NULL,NULL,'7637189623'),('0010','sachin@clarityloop.com','liquibase/feedback/0010-reaction.sql','2026-01-05 18:19:50',10,'EXECUTED','9:1b0e4b065cbd1cb8fb012f27a18127f5','sql','',NULL,'4.27.0',NULL,NULL,'7637189623'),('0011','sachin@clarityloop.com','liquibase/feedback/0011-create-growth-strengths.sql','2026-01-05 18:19:50',11,'EXECUTED','9:d1b36ceea1c82032c6a41273bc2e783f','sql','',NULL,'4.27.0',NULL,NULL,'7637189623'),('0012','sachin@clarityloop.com','liquibase/feedback/0012-comment-analysis.sql','2026-01-05 18:19:50',12,'EXECUTED','9:6334faf44452b39d994cc11d3e1ea267','sql','',NULL,'4.27.0',NULL,NULL,'7637189623'),('0013','sachin@clarityloop.com','liquibase/feedback/0013-comment-recipient-user.sql','2026-01-05 18:19:50',13,'EXECUTED','9:1ec98658c3e17c1f72971be3e8cdb555','sql','',NULL,'4.27.0',NULL,NULL,'7637189623'),('0014','sachin@clarityloop.com','liquibase/feedback/0014-event-analysis.sql','2026-01-05 18:19:50',14,'EXECUTED','9:29920a9a7b93b0c1de7c29d982fa5a97','sql','',NULL,'4.27.0',NULL,NULL,'7637189623'),('0015','sachin@clarityloop.com','liquibase/feedback/0015-feedback-request-template.sql','2026-01-05 18:19:50',15,'EXECUTED','9:d8295fcb09ab37d8a5f93c2f6bbbf4a9','sql','',NULL,'4.27.0',NULL,NULL,'7637189623'),('0016','sachin@clarityloop.com','liquibase/feedback/0016-feedback-announcement-link.sql','2026-01-05 18:19:50',16,'EXECUTED','9:352adf07a12289583939a3de3164a6de','sql','',NULL,'4.27.0',NULL,NULL,'7637189623');
/*!40000 ALTER TABLE `DATABASECHANGELOG` ENABLE KEYS */;
UNLOCK TABLES;

--
-- Table structure for table `DATABASECHANGELOGLOCK`
--

DROP TABLE IF EXISTS `DATABASECHANGELOGLOCK`;
/*!40101 SET @saved_cs_client     = @@character_set_client */;
/*!50503 SET character_set_client = utf8mb4 */;
CREATE TABLE `DATABASECHANGELOGLOCK` (
  `ID` int NOT NULL,
  `LOCKED` tinyint NOT NULL,
  `LOCKGRANTED` datetime DEFAULT NULL,
  `LOCKEDBY` varchar(255) DEFAULT NULL,
  PRIMARY KEY (`ID`)
) ENGINE=InnoDB DEFAULT CHARSET=utf8mb4 COLLATE=utf8mb4_0900_ai_ci;
/*!40101 SET character_set_client = @saved_cs_client */;

--
-- Dumping data for table `DATABASECHANGELOGLOCK`
--

LOCK TABLES `DATABASECHANGELOGLOCK` WRITE;
/*!40000 ALTER TABLE `DATABASECHANGELOGLOCK` DISABLE KEYS */;
INSERT INTO `DATABASECHANGELOGLOCK` VALUES (1,0,NULL,NULL);
/*!40000 ALTER TABLE `DATABASECHANGELOGLOCK` ENABLE KEYS */;
UNLOCK TABLES;

--
-- Table structure for table `comment`
--

DROP TABLE IF EXISTS `comment`;
/*!40101 SET @saved_cs_client     = @@character_set_client */;
/*!50503 SET character_set_client = utf8mb4 */;
CREATE TABLE `comment` (
  `id` bigint NOT NULL,
  `workspace_id` bigint NOT NULL,
  `sender_user_id` bigint NOT NULL,
  `sentiment_score` tinyint unsigned DEFAULT NULL,
  `created_at` datetime NOT NULL,
  `updated_at` datetime NOT NULL,
  `recipient_user_id` bigint NOT NULL,
  PRIMARY KEY (`id`),
  KEY `idx_c_wu_id` (`workspace_id`,`sender_user_id`),
  CONSTRAINT `comment_chk_1` CHECK ((`sentiment_score` between 0 and 10))
) ENGINE=InnoDB DEFAULT CHARSET=utf8mb4 COLLATE=utf8mb4_unicode_ci;
/*!40101 SET character_set_client = @saved_cs_client */;

--
-- Dumping data for table `comment`
--

LOCK TABLES `comment` WRITE;
/*!40000 ALTER TABLE `comment` DISABLE KEYS */;
INSERT INTO `comment` VALUES (8,1,7,8,'2026-01-12 17:04:57','2026-01-13 03:00:23',3),(9,1,6,8,'2026-01-12 17:04:57','2026-01-13 03:00:23',3),(13,1,6,7,'2026-01-12 17:04:57','2026-01-13 03:05:57',38),(34,1,6,8,'2026-01-12 17:04:58','2026-01-13 03:01:57',14),(36,1,9,8,'2026-01-12 17:04:58','2026-01-13 03:00:23',3),(38,1,9,6,'2026-01-12 17:04:58','2026-01-13 03:00:23',3),(43,1,6,8,'2026-01-12 17:04:58','2026-01-13 03:00:23',3),(45,1,3,8,'2026-01-12 17:04:58','2026-01-12 17:30:18',15),(51,1,3,7,'2026-01-12 17:04:58','2026-01-13 03:02:07',15),(141,1,3,8,'2026-01-12 17:04:59','2026-01-13 03:03:47',25),(152,1,9,8,'2026-01-12 17:04:59','2026-01-13 03:00:23',3),(201,1,3,6,'2026-01-12 17:05:00','2026-01-13 03:02:07',15),(204,1,3,6,'2026-01-12 17:05:00','2026-01-13 03:02:07',15),(207,1,6,8,'2026-01-12 17:05:00','2026-01-13 03:00:23',3),(214,1,6,8,'2026-01-12 17:05:00','2026-01-13 03:00:31',4),(222,1,9,8,'2026-01-12 17:05:00','2026-01-13 03:00:31',4),(223,1,9,8,'2026-01-12 17:05:00','2026-01-13 03:00:31',4),(235,1,9,8,'2026-01-12 17:05:00','2026-01-13 03:00:23',3),(258,1,4,8,'2026-01-12 17:05:00','2026-01-13 03:02:57',20),(275,1,9,8,'2026-01-12 17:05:01','2026-01-13 03:00:31',4),(281,1,3,8,'2026-01-12 17:05:01','2026-01-13 03:00:31',4),(283,1,9,9,'2026-01-12 17:05:01','2026-01-12 17:40:59',80),(305,1,3,8,'2026-01-12 17:05:01','2026-01-13 03:04:37',30),(309,1,16,8,'2026-01-12 17:05:01','2026-01-13 03:00:31',4),(337,1,4,8,'2026-01-12 17:05:01','2026-01-13 03:02:57',20),(342,1,6,4,'2026-01-12 17:05:02','2026-01-13 03:15:58',100),(351,1,6,8,'2026-01-12 17:05:02','2026-01-12 17:33:31',34),(355,1,3,7,'2026-01-12 17:05:02','2026-01-13 03:03:47',25),(359,1,4,8,'2026-01-12 17:05:02','2026-01-13 03:00:23',3),(361,1,6,8,'2026-01-12 17:05:02','2026-01-13 03:00:23',3),(365,1,9,8,'2026-01-12 17:05:02','2026-01-13 03:00:23',3),(387,1,4,8,'2026-01-12 17:05:02','2026-01-13 03:05:08',33),(390,1,4,NULL,'2026-01-12 17:05:02','2026-01-13 03:04:28',29),(395,1,4,8,'2026-01-12 17:05:02','2026-01-13 03:02:57',20),(402,1,3,8,'2026-01-12 17:05:02','2026-01-13 03:04:07',27),(435,1,6,8,'2026-01-12 17:05:03','2026-01-13 03:02:57',20),(449,1,4,6,'2026-01-12 17:05:03','2026-01-13 03:04:07',27),(469,1,3,6,'2026-01-12 17:05:03','2026-01-13 03:05:27',35),(470,1,3,6,'2026-01-12 17:05:03','2026-01-13 03:05:38',36),(477,1,6,8,'2026-01-12 17:05:03','2026-01-12 17:28:40',4),(491,1,9,7,'2026-01-12 17:05:04','2026-01-13 03:05:38',36),(497,1,9,7,'2026-01-12 17:05:04','2026-01-13 03:05:51',37),(531,1,4,8,'2026-01-12 17:05:04','2026-01-13 03:00:23',3),(538,1,6,8,'2026-01-12 17:05:04','2026-01-12 17:28:40',4),(557,1,4,6,'2026-01-12 17:05:05','2026-01-13 03:04:28',29),(608,1,6,8,'2026-01-12 17:05:05','2026-01-12 17:33:31',34),(616,1,6,8,'2026-01-12 17:05:06','2026-01-13 03:04:07',27),(648,1,6,8,'2026-01-12 17:05:06','2026-01-13 03:00:31',4),(731,1,6,8,'2026-01-12 17:05:07','2026-01-13 03:00:31',4),(738,1,4,6,'2026-01-12 17:05:07','2026-01-13 03:07:18',47),(745,1,6,8,'2026-01-12 17:05:07','2026-01-13 03:07:01',45),(770,1,6,6,'2026-01-12 17:05:08','2026-01-13 03:07:18',47),(772,1,6,6,'2026-01-12 17:05:08','2026-01-13 03:07:38',49),(777,1,3,6,'2026-01-12 17:05:08','2026-01-13 03:07:38',49),(780,1,3,6,'2026-01-12 17:05:08','2026-01-13 03:04:58',32),(781,1,3,8,'2026-01-12 17:05:08','2026-01-13 03:07:47',50),(783,1,3,6,'2026-01-12 17:05:08','2026-01-13 03:07:38',49),(804,1,9,8,'2026-01-12 17:05:08','2026-01-13 03:00:31',4),(816,1,4,6,'2026-01-12 17:05:08','2026-01-13 03:06:18',40),(817,1,6,8,'2026-01-12 17:05:08','2026-01-13 03:00:31',4),(819,1,3,6,'2026-01-12 17:05:08','2026-01-13 03:03:29',23),(825,1,3,5,'2026-01-12 17:05:08','2026-01-13 03:03:29',23),(826,1,3,6,'2026-01-12 17:05:08','2026-01-13 03:03:29',23),(829,1,4,4,'2026-01-12 17:05:08','2026-01-13 03:06:18',40),(834,1,4,6,'2026-01-12 17:05:08','2026-01-13 03:07:47',50),(858,1,53,3,'2026-01-12 17:05:09','2026-01-13 03:01:38',12),(860,1,6,8,'2026-01-12 17:05:09','2026-01-13 03:00:31',4),(861,1,4,NULL,'2026-01-12 17:05:09','2026-01-13 03:01:32',9),(899,1,9,8,'2026-01-12 17:05:09','2026-01-13 03:00:31',4),(939,1,6,8,'2026-01-12 17:05:10','2026-01-13 03:00:31',4),(974,1,6,8,'2026-01-12 17:05:10','2026-01-12 17:28:40',4),(1011,1,6,8,'2026-01-12 17:05:11','2026-01-13 03:00:31',4),(1051,1,9,7,'2026-01-12 17:05:11','2026-01-13 03:02:48',19),(1054,1,4,6,'2026-01-12 17:05:11','2026-01-13 03:02:48',19),(1062,1,45,4,'2026-01-12 17:05:11','2026-01-13 03:15:58',100),(1066,1,6,8,'2026-01-12 17:05:11','2026-01-13 03:07:01',45),(1072,1,5,8,'2026-01-12 17:05:11','2026-01-13 03:00:31',4),(1139,1,4,6,'2026-01-12 17:05:12','2026-01-13 03:00:23',3),(1158,1,6,8,'2026-01-12 17:05:12','2026-01-13 03:00:31',4),(1164,1,9,8,'2026-01-12 17:05:12','2026-01-13 03:00:31',4),(1281,1,6,8,'2026-01-12 17:05:13','2026-01-12 17:33:31',34),(1285,1,6,8,'2026-01-12 17:05:14','2026-01-13 03:00:31',4),(1286,1,6,7,'2026-01-12 17:05:14','2026-01-13 03:01:57',14),(1300,1,4,6,'2026-01-12 17:05:14','2026-01-13 03:15:58',100),(1412,1,45,6,'2026-01-12 17:05:15','2026-01-13 03:11:23',71),(1421,1,3,5,'2026-01-12 17:05:15','2026-01-13 03:09:18',59),(1431,1,6,8,'2026-01-12 17:05:15','2026-01-13 03:10:48',68),(1486,1,9,NULL,'2026-01-12 17:05:16','2026-01-13 03:09:55',61),(1487,1,9,8,'2026-01-12 17:05:16','2026-01-13 03:00:23',3),(1488,1,9,8,'2026-01-12 17:05:16','2026-01-13 03:00:23',3),(1533,1,61,6,'2026-01-12 17:05:17','2026-01-13 03:07:01',45),(1535,1,4,6,'2026-01-12 17:05:17','2026-01-13 03:07:01',45),(1536,1,4,NULL,'2026-01-12 17:05:17','2026-01-13 03:07:01',45),(1538,1,4,4,'2026-01-12 17:05:17','2026-01-13 03:07:01',45),(1540,1,61,6,'2026-01-12 17:05:17','2026-01-13 03:07:01',45),(1561,1,61,6,'2026-01-12 17:05:17','2026-01-13 03:07:01',45),(1563,1,61,7,'2026-01-12 17:05:17','2026-01-13 03:07:01',45),(1564,1,45,NULL,'2026-01-12 17:05:17','2026-01-13 03:11:23',71),(1566,1,5,7,'2026-01-12 17:05:17','2026-01-13 03:11:23',71),(1567,1,45,NULL,'2026-01-12 17:05:17','2026-01-13 03:11:23',71),(1568,1,16,6,'2026-01-12 17:05:17','2026-01-13 03:11:23',71),(1571,1,5,NULL,'2026-01-12 17:05:17','2026-01-13 03:11:23',71),(1579,1,61,NULL,'2026-01-12 17:05:17','2026-01-13 03:11:23',71),(1581,1,45,NULL,'2026-01-12 17:05:17','2026-01-13 03:11:23',71),(1594,1,61,NULL,'2026-01-12 17:05:17','2026-01-13 03:11:23',71),(1595,1,5,6,'2026-01-12 17:05:17','2026-01-13 03:11:23',71),(1599,1,61,NULL,'2026-01-12 17:05:17','2026-01-13 03:11:23',71),(1601,1,45,NULL,'2026-01-12 17:05:17','2026-01-13 03:11:23',71),(1604,1,3,NULL,'2026-01-12 17:05:17','2026-01-12 17:38:06',61),(1606,1,45,NULL,'2026-01-12 17:05:17','2026-01-12 17:38:06',61),(1611,1,6,NULL,'2026-01-12 17:05:18','2026-01-13 03:09:55',61),(1627,1,6,8,'2026-01-12 17:05:18','2026-01-13 03:08:47',56),(1632,1,61,7,'2026-01-12 17:05:18','2026-01-13 03:13:20',83),(1683,1,3,6,'2026-01-12 17:05:18','2026-01-13 03:09:18',59),(1686,1,5,7,'2026-01-12 17:05:18','2026-01-13 03:09:18',59),(1692,1,61,7,'2026-01-12 17:05:18','2026-01-13 03:09:18',59),(1695,1,61,6,'2026-01-12 17:05:18','2026-01-13 03:09:18',59),(1711,1,6,8,'2026-01-12 17:05:19','2026-01-12 17:33:31',34),(1721,1,61,8,'2026-01-12 17:05:19','2026-01-13 03:10:48',68),(1730,1,61,4,'2026-01-12 17:05:19','2026-01-13 03:12:07',76),(1741,1,3,7,'2026-01-12 17:05:19','2026-01-12 17:40:38',78),(1749,1,61,4,'2026-01-12 17:05:19','2026-01-13 03:09:18',59),(1750,1,6,8,'2026-01-12 17:05:19','2026-01-12 17:33:31',34),(1760,1,6,6,'2026-01-12 17:05:19','2026-01-13 03:14:09',89),(1795,1,3,4,'2026-01-12 17:05:19','2026-01-13 03:08:37',55),(1810,1,3,8,'2026-01-12 17:05:20','2026-01-12 17:40:59',80),(1812,1,6,8,'2026-01-12 17:05:20','2026-01-13 03:13:08',82),(1832,1,45,8,'2026-01-12 17:05:20','2026-01-13 03:12:59',81),(1868,1,61,4,'2026-01-12 17:05:20','2026-01-13 03:09:18',59),(1870,1,6,8,'2026-01-12 17:05:20','2026-01-13 03:00:23',3),(1894,1,6,8,'2026-01-12 17:05:21','2026-01-13 03:00:23',3),(1948,1,3,7,'2026-01-12 17:05:21','2026-01-13 03:06:18',40),(1949,1,3,7,'2026-01-12 17:05:21','2026-01-13 03:13:48',87),(1950,1,83,6,'2026-01-12 17:05:21','2026-01-13 03:13:48',87),(1954,1,6,8,'2026-01-12 17:05:21','2026-01-13 03:03:37',24),(1966,1,3,7,'2026-01-12 17:05:21','2026-01-13 03:03:29',23),(1972,1,45,6,'2026-01-12 17:05:21','2026-01-13 03:13:58',88),(1982,1,3,6,'2026-01-12 17:05:21','2026-01-13 03:03:29',23),(1983,1,3,6,'2026-01-12 17:05:21','2026-01-13 03:06:18',40),(1985,1,3,5,'2026-01-12 17:05:21','2026-01-13 03:03:29',23),(1990,1,3,9,'2026-01-12 17:05:21','2026-01-13 03:03:09',21),(1992,1,6,9,'2026-01-12 17:05:21','2026-01-13 03:03:09',21),(1996,1,83,NULL,'2026-01-12 17:05:21','2026-01-13 03:03:29',23),(2026,1,21,7,'2026-01-12 17:05:22','2026-01-13 03:14:28',91),(2028,1,21,8,'2026-01-12 17:05:22','2026-01-13 03:14:28',91),(2062,1,34,6,'2026-01-12 17:05:22','2026-01-12 17:32:48',30),(2075,1,16,8,'2026-01-12 17:05:22','2026-01-13 03:00:23',3),(2080,1,3,8,'2026-01-12 17:05:22','2026-01-13 03:14:09',89),(2084,1,6,8,'2026-01-12 17:05:22','2026-01-13 03:14:09',89),(2095,1,3,8,'2026-01-12 17:05:22','2026-01-13 03:05:51',37),(2100,1,3,7,'2026-01-12 17:05:22','2026-01-13 03:10:48',68),(2106,1,3,7,'2026-01-12 17:05:23','2026-01-13 03:14:09',89),(2126,1,6,8,'2026-01-12 17:05:23','2026-01-13 03:07:58',51),(2132,1,6,8,'2026-01-12 17:05:23','2026-01-13 03:09:48',62),(2160,1,5,8,'2026-01-12 17:05:23','2026-01-13 03:12:41',79),(2163,1,61,6,'2026-01-12 17:05:23','2026-01-13 03:12:41',79),(2177,1,3,6,'2026-01-12 17:05:23','2026-01-13 03:05:51',37),(2189,1,6,8,'2026-01-12 17:05:23','2026-01-13 03:14:09',89),(2196,1,16,8,'2026-01-12 17:05:23','2026-01-13 03:00:23',3),(2202,1,3,6,'2026-01-12 17:05:23','2026-01-13 03:14:58',94),(2207,1,3,NULL,'2026-01-12 17:05:23','2026-01-13 03:13:20',83),(2215,1,3,7,'2026-01-12 17:05:24','2026-01-13 03:05:51',37),(2233,1,4,9,'2026-01-12 17:05:24','2026-01-13 03:13:08',82),(2235,1,6,6,'2026-01-12 17:05:24','2026-01-13 03:05:20',34),(2236,1,6,6,'2026-01-12 17:05:24','2026-01-13 03:05:20',34),(2281,1,6,8,'2026-01-12 17:05:24','2026-01-13 03:04:37',30),(2287,1,5,6,'2026-01-12 17:05:24','2026-01-13 03:12:07',76),(2293,1,6,8,'2026-01-12 17:05:24','2026-01-13 03:13:08',82),(2312,1,3,7,'2026-01-12 17:05:24','2026-01-13 03:13:58',88),(2314,1,3,7,'2026-01-12 17:05:24','2026-01-13 03:13:58',88),(2332,1,6,8,'2026-01-12 17:05:25','2026-01-13 03:13:08',82),(2333,1,3,8,'2026-01-12 17:05:25','2026-01-13 03:03:09',21),(2344,1,21,6,'2026-01-12 17:05:25','2026-01-13 03:10:18',65),(2345,1,6,8,'2026-01-12 17:05:25','2026-01-13 03:00:31',4),(2348,1,6,8,'2026-01-12 17:05:25','2026-01-13 03:00:23',3),(2385,1,9,8,'2026-01-12 17:05:25','2026-01-13 03:00:23',3),(2393,1,6,7,'2026-01-12 17:05:25','2026-01-13 03:12:41',79),(2395,1,6,NULL,'2026-01-12 17:05:25','2026-01-13 03:12:41',79),(2405,1,3,7,'2026-01-12 17:05:25','2026-01-13 03:12:41',79),(2416,1,61,5,'2026-01-12 17:05:25','2026-01-13 03:10:18',65),(2425,1,6,8,'2026-01-12 17:05:26','2026-01-13 03:05:08',33),(2433,1,6,8,'2026-01-12 17:05:26','2026-01-13 03:13:20',83),(2439,1,6,8,'2026-01-12 17:05:26','2026-01-13 03:16:29',103),(2443,1,16,8,'2026-01-12 17:05:26','2026-01-13 03:00:23',3),(2455,1,16,7,'2026-01-12 17:05:26','2026-01-13 03:16:29',103),(2471,1,9,8,'2026-01-12 17:05:26','2026-01-12 17:33:31',34),(2479,1,3,6,'2026-01-12 17:05:26','2026-01-13 03:05:20',34),(2480,1,3,NULL,'2026-01-12 17:05:26','2026-01-12 17:34:01',37),(2494,1,16,8,'2026-01-12 17:05:26','2026-01-13 03:00:23',3),(2511,1,4,4,'2026-01-12 17:05:26','2026-01-13 03:10:18',65),(2527,1,3,6,'2026-01-12 17:05:27','2026-01-13 03:05:51',37),(2547,1,16,6,'2026-01-12 17:05:27','2026-01-13 03:08:37',55),(2561,1,16,5,'2026-01-12 17:05:27','2026-01-13 03:10:18',65),(2569,1,3,8,'2026-01-12 17:05:27','2026-01-13 03:05:51',37),(2572,1,3,NULL,'2026-01-12 17:05:27','2026-01-13 03:05:51',37),(2608,1,3,7,'2026-01-12 17:05:28','2026-01-13 03:04:58',32),(2611,1,9,6,'2026-01-12 17:05:28','2026-01-13 03:05:20',34),(2634,1,3,6,'2026-01-12 17:05:28','2026-01-13 03:15:58',100),(2635,1,3,6,'2026-01-12 17:05:28','2026-01-13 03:07:38',49),(2645,1,3,8,'2026-01-12 17:05:28','2026-01-13 03:08:57',57),(2646,1,3,8,'2026-01-12 17:05:28','2026-01-13 03:07:38',49),(2683,1,16,9,'2026-01-12 17:05:29','2026-01-13 03:01:38',12),(2759,1,6,6,'2026-01-12 17:05:30','2026-01-13 03:03:29',23),(2773,1,6,8,'2026-01-12 17:05:30','2026-01-12 17:45:18',107),(2776,1,6,8,'2026-01-12 17:05:30','2026-01-13 03:09:48',62),(2783,1,3,8,'2026-01-12 17:05:30','2026-01-12 17:33:31',34),(2789,1,3,6,'2026-01-12 17:05:30','2026-01-13 03:11:57',75),(2793,1,3,6,'2026-01-12 17:05:30','2026-01-13 03:11:57',75),(2795,1,3,7,'2026-01-12 17:05:30','2026-01-13 03:11:57',75),(2798,1,21,6,'2026-01-12 17:05:30','2026-01-13 03:05:08',33),(2805,1,9,8,'2026-01-12 17:05:30','2026-01-13 03:00:31',4),(2812,1,3,8,'2026-01-12 17:05:30','2026-01-13 03:01:38',12),(2814,1,6,8,'2026-01-12 17:05:30','2026-01-13 03:12:28',78),(2825,1,34,6,'2026-01-12 17:05:30','2026-01-13 03:00:23',3),(2850,1,9,8,'2026-01-12 17:05:31','2026-01-13 03:04:28',29),(2852,1,6,6,'2026-01-12 17:05:31','2026-01-13 03:02:57',20),(2855,1,9,7,'2026-01-12 17:05:31','2026-01-13 03:04:28',29),(2859,1,9,8,'2026-01-12 17:05:31','2026-01-13 03:00:31',4),(2867,1,3,6,'2026-01-12 17:05:31','2026-01-13 03:07:18',47),(2872,1,3,6,'2026-01-12 17:05:31','2026-01-13 03:07:18',47),(2874,1,6,8,'2026-01-12 17:05:31','2026-01-13 03:07:58',51),(2897,1,3,8,'2026-01-12 17:05:31','2026-01-13 03:08:27',54),(2899,1,6,8,'2026-01-12 17:05:31','2026-01-13 03:07:58',51),(2918,1,6,8,'2026-01-12 17:05:32','2026-01-13 03:00:23',3),(2919,1,6,6,'2026-01-12 17:05:32','2026-01-13 03:16:29',103),(2921,1,6,6,'2026-01-12 17:05:32','2026-01-13 03:08:27',54),(2947,1,3,6,'2026-01-12 17:05:32','2026-01-12 17:36:08',51),(2978,1,3,8,'2026-01-12 17:05:32','2026-01-13 03:05:08',33),(2981,1,6,8,'2026-01-12 17:05:32','2026-01-13 03:00:23',3),(2982,1,12,NULL,'2026-01-12 17:05:32','2026-01-12 17:41:59',87),(2999,1,16,8,'2026-01-12 17:05:32','2026-01-13 03:08:47',56),(3028,1,3,4,'2026-01-12 17:05:33','2026-01-13 03:03:29',23),(3034,1,16,8,'2026-01-12 17:05:33','2026-01-13 03:08:47',56),(3035,1,3,6,'2026-01-12 17:05:33','2026-01-13 03:03:29',23),(3037,1,3,7,'2026-01-12 17:05:33','2026-01-13 03:05:27',35),(3045,1,3,NULL,'2026-01-12 17:05:33','2026-01-13 03:12:59',81),(3046,1,3,6,'2026-01-12 17:05:33','2026-01-13 03:13:58',88),(3048,1,6,8,'2026-01-12 17:05:33','2026-01-13 03:11:29',72),(3055,1,3,6,'2026-01-12 17:05:33','2026-01-13 03:11:29',72),(3066,1,6,6,'2026-01-12 17:05:33','2026-01-13 03:01:38',12),(3073,1,3,7,'2026-01-12 17:05:33','2026-01-13 03:12:59',81),(3077,1,3,6,'2026-01-12 17:05:33','2026-01-13 03:12:59',81),(3083,1,3,NULL,'2026-01-12 17:05:33','2026-01-13 03:12:59',81),(3094,1,3,8,'2026-01-12 17:05:33','2026-01-13 03:13:48',87),(3102,1,3,7,'2026-01-12 17:05:34','2026-01-13 03:13:48',87),(3122,1,3,6,'2026-01-12 17:05:34','2026-01-13 03:13:48',87),(3156,2,131,8,'2026-01-12 17:06:58','2026-01-13 03:18:48',127),(3157,2,130,8,'2026-01-12 17:06:58','2026-01-13 03:18:48',127),(3161,2,130,7,'2026-01-12 17:06:58','2026-01-13 03:24:18',162),(3182,2,130,8,'2026-01-12 17:06:58','2026-01-13 03:20:18',138),(3184,2,133,8,'2026-01-12 17:06:58','2026-01-13 03:18:48',127),(3191,2,130,8,'2026-01-12 17:06:58','2026-01-13 03:18:48',127),(3193,2,127,8,'2026-01-12 17:06:58','2026-01-13 03:20:29',139),(3195,2,139,8,'2026-01-12 17:06:58','2026-01-13 03:18:48',127),(3199,2,127,7,'2026-01-12 17:06:58','2026-01-13 03:20:29',139),(3207,2,133,8,'2026-01-12 17:06:58','2026-01-13 03:18:48',127),(3212,2,133,6,'2026-01-12 17:06:58','2026-01-12 17:49:09',142),(3289,2,127,8,'2026-01-12 17:06:59','2026-01-13 03:22:08',149),(3299,2,133,6,'2026-01-12 17:06:59','2026-01-13 03:20:29',139),(3300,2,133,8,'2026-01-12 17:06:59','2026-01-13 03:18:48',127),(3353,2,128,NULL,'2026-01-12 17:07:00','2026-01-12 17:49:21',143),(3355,2,130,8,'2026-01-12 17:07:00','2026-01-13 03:18:48',127),(3357,2,133,NULL,'2026-01-12 17:07:00','2026-01-12 17:49:21',143),(3383,2,133,8,'2026-01-12 17:07:00','2026-01-13 03:18:48',127),(3389,2,127,6,'2026-01-12 17:07:00','2026-01-13 03:29:19',193),(3438,2,128,7,'2026-01-12 17:07:01','2026-01-13 03:21:19',144),(3490,2,130,4,'2026-01-12 17:07:02','2026-01-13 03:34:20',224),(3499,2,130,8,'2026-01-12 17:07:02','2026-01-13 03:23:41',158),(3503,2,127,7,'2026-01-12 17:07:02','2026-01-13 03:22:08',149),(3514,2,130,6,'2026-01-12 17:07:02','2026-01-13 03:18:52',129),(3550,2,127,8,'2026-01-12 17:07:02','2026-01-13 03:22:29',151),(3582,2,130,NULL,'2026-01-12 17:07:03','2026-01-12 17:49:21',143),(3593,2,130,NULL,'2026-01-12 17:07:03','2026-01-12 17:49:21',143),(3617,2,127,6,'2026-01-12 17:07:03','2026-01-13 03:23:49',159),(3642,2,133,NULL,'2026-01-12 17:07:03','2026-01-12 17:49:21',143),(3645,2,133,7,'2026-01-12 17:07:04','2026-01-13 03:24:11',161),(3666,2,128,NULL,'2026-01-12 17:07:04','2026-01-12 17:49:21',143),(3705,2,128,6,'2026-01-12 17:07:04','2026-01-13 03:22:49',153),(3706,2,128,NULL,'2026-01-12 17:07:04','2026-01-12 17:49:21',143),(3727,2,128,5,'2026-01-12 17:07:05','2026-01-12 17:50:02',147),(3755,2,130,6,'2026-01-12 17:07:05','2026-01-13 03:18:52',129),(3756,2,130,8,'2026-01-12 17:07:05','2026-01-13 03:23:41',158),(3764,2,130,8,'2026-01-12 17:07:05','2026-01-13 03:22:29',151),(3777,2,130,6,'2026-01-12 17:07:05','2026-01-13 03:20:43',140),(3784,2,128,NULL,'2026-01-12 17:07:05','2026-01-12 17:49:21',143),(3785,2,127,NULL,'2026-01-12 17:07:05','2026-01-12 17:49:21',143),(3786,2,130,NULL,'2026-01-12 17:07:05','2026-01-12 17:49:21',143),(3792,2,127,6,'2026-01-12 17:07:05','2026-01-12 17:47:04',129),(3802,2,130,6,'2026-01-12 17:07:05','2026-01-13 03:18:52',129),(3867,2,130,8,'2026-01-12 17:07:06','2026-01-12 17:47:04',129),(3886,2,128,6,'2026-01-12 17:07:06','2026-01-13 03:25:39',171),(3893,2,130,8,'2026-01-12 17:07:06','2026-01-13 03:25:24',169),(3904,2,128,6,'2026-01-12 17:07:07','2026-01-13 03:18:52',129),(3911,2,130,6,'2026-01-12 17:07:07','2026-01-13 03:25:39',171),(3918,2,130,6,'2026-01-12 17:07:07','2026-01-13 03:25:39',171),(3920,2,130,6,'2026-01-12 17:07:07','2026-01-13 03:25:59',173),(3925,2,127,6,'2026-01-12 17:07:07','2026-01-13 03:25:59',173),(3928,2,127,7,'2026-01-12 17:07:07','2026-01-13 03:23:21',156),(3929,2,127,8,'2026-01-12 17:07:07','2026-01-13 03:26:08',174),(3931,2,127,6,'2026-01-12 17:07:07','2026-01-13 03:25:59',173),(3935,2,130,NULL,'2026-01-12 17:07:07','2026-01-13 03:18:48',127),(3940,2,128,NULL,'2026-01-12 17:07:07','2026-01-13 03:18:48',127),(3944,2,128,NULL,'2026-01-12 17:07:07','2026-01-13 03:18:48',127),(3953,2,133,6,'2026-01-12 17:07:07','2026-01-13 03:23:49',159),(3956,2,130,8,'2026-01-12 17:07:07','2026-01-13 03:18:48',127),(3964,2,128,6,'2026-01-12 17:07:07','2026-01-13 03:24:40',164),(3970,2,127,5,'2026-01-12 17:07:07','2026-01-12 17:50:02',147),(3973,2,127,5,'2026-01-12 17:07:07','2026-01-13 03:21:50',147),(3977,2,128,4,'2026-01-12 17:07:07','2026-01-13 03:24:40',164),(3982,2,128,6,'2026-01-12 17:07:07','2026-01-13 03:26:08',174),(3985,2,128,5,'2026-01-12 17:07:07','2026-01-13 03:29:19',193),(3987,2,128,NULL,'2026-01-12 17:07:07','2026-01-12 17:49:21',143),(3988,2,128,NULL,'2026-01-12 17:07:07','2026-01-12 17:49:21',143),(3991,2,128,8,'2026-01-12 17:07:07','2026-01-13 03:18:48',127),(4006,2,177,3,'2026-01-12 17:07:08','2026-01-13 03:19:59',136),(4152,2,127,6,'2026-01-12 17:07:09','2026-01-13 03:18:52',129),(4169,2,130,6,'2026-01-12 17:07:10','2026-01-12 17:57:09',191),(4173,2,133,6,'2026-01-12 17:07:10','2026-01-12 17:47:04',129),(4186,2,128,NULL,'2026-01-12 17:07:10','2026-01-12 17:49:21',143),(4202,2,128,NULL,'2026-01-12 17:07:10','2026-01-12 17:49:21',143),(4204,2,130,NULL,'2026-01-12 17:07:10','2026-01-12 17:49:21',143),(4210,2,169,4,'2026-01-12 17:07:10','2026-01-13 03:34:20',224),(4214,2,130,8,'2026-01-12 17:07:10','2026-01-13 03:25:24',169),(4289,2,128,NULL,'2026-01-12 17:07:11','2026-01-13 03:19:49',133),(4292,2,128,NULL,'2026-01-12 17:07:11','2026-01-13 03:19:49',133),(4294,2,128,6,'2026-01-12 17:07:11','2026-01-13 03:18:52',129),(4330,2,128,6,'2026-01-12 17:07:11','2026-01-13 03:18:52',129),(4333,2,127,6,'2026-01-12 17:07:11','2026-01-12 17:47:04',129),(4414,2,127,4,'2026-01-12 17:07:12','2026-01-13 03:18:52',129),(4429,2,130,8,'2026-01-12 17:07:12','2026-01-13 03:23:41',158),(4448,2,128,6,'2026-01-12 17:07:13','2026-01-13 03:34:20',224),(4480,2,133,6,'2026-01-12 17:07:13','2026-01-13 03:25:24',169),(4489,2,133,6,'2026-01-12 17:07:13','2026-01-13 03:25:24',169),(4558,2,128,NULL,'2026-01-12 17:07:14','2026-01-13 03:19:49',133),(4569,2,127,5,'2026-01-12 17:07:14','2026-01-13 03:27:40',183),(4575,2,127,NULL,'2026-01-12 17:07:14','2026-01-12 17:55:52',183),(4577,2,128,6,'2026-01-12 17:07:14','2026-01-13 03:25:24',169),(4579,2,130,8,'2026-01-12 17:07:14','2026-01-13 03:29:09',192),(4584,2,130,8,'2026-01-12 17:07:14','2026-01-13 03:29:19',193),(4648,2,140,NULL,'2026-01-12 17:07:15','2026-01-13 03:25:24',169),(4652,2,128,NULL,'2026-01-12 17:07:15','2026-01-13 03:25:24',169),(4653,2,140,NULL,'2026-01-12 17:07:15','2026-01-13 03:25:24',169),(4654,2,128,NULL,'2026-01-12 17:07:15','2026-01-13 03:25:24',169),(4658,2,140,NULL,'2026-01-12 17:07:15','2026-01-13 03:25:24',169),(4664,2,140,NULL,'2026-01-12 17:07:15','2026-01-13 03:25:24',169),(4681,2,185,6,'2026-01-12 17:07:15','2026-01-13 03:25:24',169),(4683,2,128,6,'2026-01-12 17:07:15','2026-01-13 03:25:24',169),(4684,2,128,6,'2026-01-12 17:07:15','2026-01-13 03:25:24',169),(4686,2,128,6,'2026-01-12 17:07:15','2026-01-13 03:25:24',169),(4688,2,185,NULL,'2026-01-12 17:07:15','2026-01-13 03:25:24',169),(4692,2,185,NULL,'2026-01-12 17:07:15','2026-01-13 03:25:24',169),(4695,2,185,6,'2026-01-12 17:07:15','2026-01-13 03:25:24',169),(4698,2,130,6,'2026-01-12 17:07:15','2026-01-13 03:25:24',169),(4701,2,130,6,'2026-01-12 17:07:15','2026-01-12 17:53:41',169),(4706,2,128,6,'2026-01-12 17:07:16','2026-01-13 03:25:24',169),(4709,2,185,6,'2026-01-12 17:07:16','2026-01-13 03:25:24',169),(4710,2,130,NULL,'2026-01-12 17:07:16','2026-01-13 03:25:24',169),(4711,2,185,7,'2026-01-12 17:07:16','2026-01-13 03:25:24',169),(4713,2,128,NULL,'2026-01-12 17:07:16','2026-01-13 03:25:24',169),(4740,2,185,NULL,'2026-01-12 17:07:16','2026-01-12 17:53:41',169),(4741,2,128,NULL,'2026-01-12 17:07:16','2026-01-12 17:53:41',169),(4750,2,127,NULL,'2026-01-12 17:07:16','2026-01-12 17:56:28',185),(4752,2,127,NULL,'2026-01-12 17:07:16','2026-01-13 03:28:17',185),(4754,2,169,NULL,'2026-01-12 17:07:16','2026-01-13 03:28:17',185),(4759,2,130,NULL,'2026-01-12 17:07:16','2026-01-13 03:28:17',185),(4764,2,127,NULL,'2026-01-12 17:07:16','2026-01-13 03:28:17',185),(4775,2,130,8,'2026-01-12 17:07:16','2026-01-13 03:27:09',180),(4780,2,185,6,'2026-01-12 17:07:17','2026-01-13 03:31:42',207),(4784,2,185,8,'2026-01-12 17:07:17','2026-01-13 03:18:48',127),(4788,2,185,NULL,'2026-01-12 17:07:17','2026-01-13 03:19:49',133),(4804,2,143,6,'2026-01-12 17:07:17','2026-01-13 03:21:58',148),(4831,2,127,6,'2026-01-12 17:07:17','2026-01-13 03:27:40',183),(4834,2,129,7,'2026-01-12 17:07:17','2026-01-13 03:27:40',183),(4840,2,185,6,'2026-01-12 17:07:17','2026-01-13 03:27:40',183),(4843,2,185,5,'2026-01-12 17:07:17','2026-01-13 03:27:40',183),(4848,2,130,8,'2026-01-12 17:07:17','2026-01-12 17:58:03',196),(4859,2,130,8,'2026-01-12 17:07:17','2026-01-13 03:23:41',158),(4869,2,185,8,'2026-01-12 17:07:17','2026-01-13 03:29:09',192),(4878,2,185,4,'2026-01-12 17:07:17','2026-01-13 03:30:28',200),(4897,2,185,4,'2026-01-12 17:07:18','2026-01-13 03:27:40',183),(4898,2,130,8,'2026-01-12 17:07:18','2026-01-13 03:23:41',158),(4908,2,130,6,'2026-01-12 17:07:18','2026-01-13 03:32:30',213),(4943,2,127,4,'2026-01-12 17:07:18','2026-01-13 03:26:58',179),(4960,2,130,8,'2026-01-12 17:07:18','2026-01-13 03:31:29',206),(4980,2,169,8,'2026-01-12 17:07:19','2026-01-13 03:31:21',205),(5016,2,185,4,'2026-01-12 17:07:19','2026-01-13 03:27:40',183),(5027,2,169,6,'2026-01-12 17:07:19','2026-01-13 03:18:52',129),(5042,2,130,8,'2026-01-12 17:07:19','2026-01-13 03:18:48',127),(5096,2,127,7,'2026-01-12 17:07:20','2026-01-13 03:24:40',164),(5097,2,127,6,'2026-01-12 17:07:20','2026-01-13 03:32:10',211),(5098,2,207,6,'2026-01-12 17:07:20','2026-01-13 03:32:10',211),(5102,2,130,8,'2026-01-12 17:07:20','2026-01-13 03:21:58',148),(5105,2,169,6,'2026-01-12 17:07:20','2026-01-13 03:32:20',212),(5112,2,130,8,'2026-01-12 17:07:20','2026-01-13 03:18:48',127),(5114,2,127,7,'2026-01-12 17:07:20','2026-01-13 03:21:50',147),(5125,2,127,6,'2026-01-12 17:07:20','2026-01-12 18:00:32',212),(5131,2,127,6,'2026-01-12 17:07:20','2026-01-13 03:24:40',164),(5133,2,127,5,'2026-01-12 17:07:20','2026-01-13 03:21:50',147),(5138,2,127,9,'2026-01-12 17:07:20','2026-01-13 03:21:30',145),(5140,2,130,9,'2026-01-12 17:07:20','2026-01-13 03:21:30',145),(5151,2,185,8,'2026-01-12 17:07:20','2026-01-13 03:21:30',145),(5174,2,145,7,'2026-01-12 17:07:21','2026-01-13 03:32:49',215),(5176,2,145,6,'2026-01-12 17:07:21','2026-01-13 03:32:49',215),(5210,2,158,7,'2026-01-12 17:07:21','2026-01-12 17:51:09',154),(5217,2,130,8,'2026-01-12 17:07:21','2026-01-13 03:18:48',127),(5223,2,140,8,'2026-01-12 17:07:21','2026-01-13 03:18:48',127),(5228,2,127,8,'2026-01-12 17:07:21','2026-01-13 03:32:30',213),(5232,2,130,8,'2026-01-12 17:07:21','2026-01-13 03:32:30',213),(5236,2,130,8,'2026-01-12 17:07:21','2026-01-13 03:23:21',156),(5243,2,127,7,'2026-01-12 17:07:21','2026-01-13 03:24:11',161),(5248,2,127,7,'2026-01-12 17:07:22','2026-01-13 03:29:09',192),(5254,2,127,7,'2026-01-12 17:07:22','2026-01-13 03:32:30',213),(5255,2,127,7,'2026-01-12 17:07:22','2026-01-13 03:33:20',218),(5257,2,130,NULL,'2026-01-12 17:07:22','2026-01-13 03:31:42',207),(5260,2,129,6,'2026-01-12 17:07:22','2026-01-13 03:22:59',154),(5269,2,130,NULL,'2026-01-12 17:07:22','2026-01-13 03:31:42',207),(5274,2,130,8,'2026-01-12 17:07:22','2026-01-13 03:26:19',175),(5277,2,130,6,'2026-01-12 17:07:22','2026-01-13 03:26:19',175),(5280,2,130,8,'2026-01-12 17:07:22','2026-01-13 03:28:09',186),(5291,2,130,8,'2026-01-12 17:07:22','2026-01-12 17:58:03',196),(5308,2,129,8,'2026-01-12 17:07:22','2026-01-13 03:31:01',203),(5332,2,130,8,'2026-01-12 17:07:22','2026-01-13 03:18:48',127),(5337,2,130,8,'2026-01-12 17:07:23','2026-01-13 03:32:30',213),(5344,2,140,8,'2026-01-12 17:07:23','2026-01-13 03:18:48',127),(5350,2,127,6,'2026-01-12 17:07:23','2026-01-13 03:33:20',218),(5353,2,133,8,'2026-01-12 17:07:23','2026-01-13 03:18:48',127),(5359,2,127,NULL,'2026-01-12 17:07:23','2026-01-12 17:59:54',207),(5363,2,127,7,'2026-01-12 17:07:23','2026-01-13 03:24:11',161),(5381,2,128,9,'2026-01-12 17:07:23','2026-01-13 03:31:29',206),(5385,2,130,NULL,'2026-01-12 17:07:23','2026-01-13 03:31:42',207),(5386,2,130,8,'2026-01-12 17:07:23','2026-01-12 17:58:03',196),(5387,2,130,8,'2026-01-12 17:07:23','2026-01-12 17:58:03',196),(5388,2,130,8,'2026-01-12 17:07:23','2026-01-12 17:58:03',196),(5389,2,130,8,'2026-01-12 17:07:23','2026-01-12 17:58:03',196),(5390,2,130,8,'2026-01-12 17:07:23','2026-01-12 17:58:03',196),(5391,2,130,8,'2026-01-12 17:07:23','2026-01-12 17:58:03',196),(5392,2,130,8,'2026-01-12 17:07:23','2026-01-12 17:58:03',196),(5395,2,140,8,'2026-01-12 17:07:23','2026-01-13 03:18:48',127),(5411,2,130,8,'2026-01-12 17:07:23','2026-01-12 17:58:03',196),(5412,2,130,8,'2026-01-12 17:07:23','2026-01-12 17:58:03',196),(5413,2,130,8,'2026-01-12 17:07:23','2026-01-12 17:58:03',196),(5414,2,130,8,'2026-01-12 17:07:23','2026-01-12 17:58:03',196),(5421,2,130,8,'2026-01-12 17:07:23','2026-01-12 17:58:03',196),(5429,2,130,8,'2026-01-12 17:07:24','2026-01-13 03:22:59',154),(5435,2,129,6,'2026-01-12 17:07:24','2026-01-13 03:30:28',200),(5441,2,130,8,'2026-01-12 17:07:24','2026-01-13 03:31:29',206),(5442,2,130,8,'2026-01-12 17:07:24','2026-01-12 17:58:03',196),(5443,2,130,8,'2026-01-12 17:07:24','2026-01-12 17:58:03',196),(5444,2,130,8,'2026-01-12 17:07:24','2026-01-12 17:58:03',196),(5445,2,130,8,'2026-01-12 17:07:24','2026-01-12 17:58:03',196),(5446,2,130,8,'2026-01-12 17:07:24','2026-01-12 17:58:03',196),(5462,2,127,7,'2026-01-12 17:07:24','2026-01-13 03:32:20',212),(5470,2,130,8,'2026-01-12 17:07:24','2026-01-12 17:58:03',196),(5471,2,130,8,'2026-01-12 17:07:24','2026-01-12 17:58:03',196),(5472,2,130,8,'2026-01-12 17:07:24','2026-01-12 17:58:03',196),(5473,2,130,8,'2026-01-12 17:07:24','2026-01-12 17:58:03',196),(5475,2,140,NULL,'2026-01-12 17:07:24','2026-01-13 03:31:42',207),(5480,2,130,8,'2026-01-12 17:07:24','2026-01-13 03:31:29',206),(5485,2,185,7,'2026-01-12 17:07:24','2026-01-13 03:28:40',189),(5492,2,145,6,'2026-01-12 17:07:24','2026-01-13 03:28:40',189),(5541,2,130,7,'2026-01-12 17:07:25','2026-01-13 03:31:01',203),(5553,2,127,7,'2026-01-12 17:07:25','2026-01-13 03:31:01',203),(5557,2,130,8,'2026-01-12 17:07:25','2026-01-13 03:29:42',195),(5558,2,130,NULL,'2026-01-12 17:07:25','2026-01-13 03:31:42',207),(5562,2,130,8,'2026-01-12 17:07:25','2026-01-12 17:58:03',196),(5581,2,130,8,'2026-01-12 17:07:25','2026-01-13 03:31:42',207),(5587,2,130,8,'2026-01-12 17:07:25','2026-01-13 03:34:50',227),(5591,2,140,8,'2026-01-12 17:07:25','2026-01-13 03:18:48',127),(5599,2,130,8,'2026-01-12 17:07:25','2026-01-13 03:18:48',127),(5603,2,140,7,'2026-01-12 17:07:25','2026-01-13 03:34:50',227),(5619,2,133,8,'2026-01-12 17:07:26','2026-01-13 03:23:41',158),(5621,2,127,NULL,'2026-01-12 17:07:26','2026-01-13 03:23:21',156),(5628,2,127,6,'2026-01-12 17:07:26','2026-01-13 03:24:11',161),(5635,2,130,NULL,'2026-01-12 17:07:26','2026-01-13 03:31:42',207),(5642,2,140,8,'2026-01-12 17:07:26','2026-01-13 03:18:48',127),(5654,2,127,6,'2026-01-12 17:07:26','2026-01-13 03:18:52',129),(5659,2,128,4,'2026-01-12 17:07:26','2026-01-13 03:28:40',189),(5670,2,127,6,'2026-01-12 17:07:26','2026-01-13 03:31:42',207),(5675,2,127,6,'2026-01-12 17:07:26','2026-01-13 03:24:11',161),(5692,2,130,8,'2026-01-12 17:07:26','2026-01-13 03:18:48',127),(5709,2,140,5,'2026-01-12 17:07:27','2026-01-13 03:28:40',189),(5716,2,130,8,'2026-01-12 17:07:27','2026-01-13 03:18:48',127),(5717,2,127,8,'2026-01-12 17:07:27','2026-01-13 03:24:11',161),(5730,2,140,8,'2026-01-12 17:07:27','2026-01-13 03:18:48',127),(5756,2,127,7,'2026-01-12 17:07:27','2026-01-13 03:23:21',156),(5781,2,130,NULL,'2026-01-12 17:07:27','2026-01-13 03:31:42',207),(5782,2,127,6,'2026-01-12 17:07:27','2026-01-13 03:34:20',224),(5783,2,127,6,'2026-01-12 17:07:27','2026-01-13 03:25:59',173),(5787,2,130,NULL,'2026-01-12 17:07:27','2026-01-12 17:59:54',207),(5793,2,127,8,'2026-01-12 17:07:27','2026-01-13 03:27:19',181),(5794,2,127,7,'2026-01-12 17:07:27','2026-01-13 03:25:59',173),(5809,2,130,NULL,'2026-01-12 17:07:28','2026-01-13 03:31:42',207),(5831,2,140,9,'2026-01-12 17:07:28','2026-01-13 03:19:59',136),(5880,2,130,8,'2026-01-12 17:07:28','2026-01-12 17:51:52',158),(5907,2,130,6,'2026-01-12 17:07:29','2026-01-13 03:21:50',147),(5921,2,130,8,'2026-01-12 17:07:29','2026-01-13 03:35:29',231),(5924,2,130,8,'2026-01-12 17:07:29','2026-01-13 03:28:09',186),(5931,2,127,8,'2026-01-12 17:07:29','2026-01-13 03:23:41',158),(5937,2,127,6,'2026-01-12 17:07:29','2026-01-12 17:58:30',199),(5941,2,127,6,'2026-01-12 17:07:29','2026-01-12 17:58:30',199),(5943,2,127,7,'2026-01-12 17:07:29','2026-01-12 17:58:30',199),(5962,2,130,8,'2026-01-12 17:07:29','2026-01-13 03:30:49',202),(5985,2,133,7,'2026-01-12 17:07:29','2026-01-13 03:20:43',140),(5989,2,133,6,'2026-01-12 17:07:29','2026-01-13 03:20:43',140),(5990,2,127,6,'2026-01-12 17:07:29','2026-01-12 17:48:53',140),(5995,2,133,6,'2026-01-12 17:07:30','2026-01-13 03:20:43',140),(5998,2,133,8,'2026-01-12 17:07:30','2026-01-13 03:22:49',153),(6000,2,130,6,'2026-01-12 17:07:30','2026-01-13 03:21:19',144),(6003,2,133,7,'2026-01-12 17:07:30','2026-01-13 03:22:49',153),(6014,2,127,6,'2026-01-12 17:07:30','2026-01-13 03:24:40',164),(6015,2,127,6,'2026-01-12 17:07:30','2026-01-13 03:25:39',171),(6020,2,127,6,'2026-01-12 17:07:30','2026-01-13 03:25:39',171),(6022,2,130,8,'2026-01-12 17:07:30','2026-01-13 03:26:19',175),(6041,2,130,6,'2026-01-12 17:07:30','2026-01-13 03:22:49',153),(6045,2,127,8,'2026-01-12 17:07:30','2026-01-13 03:26:49',178),(6047,2,130,8,'2026-01-12 17:07:30','2026-01-13 03:26:19',175),(6066,2,130,8,'2026-01-12 17:07:30','2026-01-13 03:18:48',127),(6067,2,130,6,'2026-01-12 17:07:30','2026-01-13 03:34:50',227),(6069,2,130,6,'2026-01-12 17:07:30','2026-01-13 03:26:49',178),(6077,2,127,8,'2026-01-12 17:07:30','2026-01-13 03:23:41',158),(6095,2,127,6,'2026-01-12 17:07:31','2026-01-13 03:26:19',175),(6147,2,140,8,'2026-01-12 17:07:31','2026-01-13 03:27:09',180),(6176,2,127,4,'2026-01-12 17:07:32','2026-01-13 03:21:50',147),(6182,2,140,8,'2026-01-12 17:07:32','2026-01-13 03:27:09',180),(6183,2,127,6,'2026-01-12 17:07:32','2026-01-13 03:21:50',147),(6185,2,127,7,'2026-01-12 17:07:32','2026-01-13 03:23:49',159),(6193,2,127,NULL,'2026-01-12 17:07:32','2026-01-12 17:59:32',205),(6194,2,127,6,'2026-01-12 17:07:32','2026-01-13 03:32:20',212),(6196,2,130,8,'2026-01-12 17:07:32','2026-01-13 03:29:50',196),(6203,2,127,6,'2026-01-12 17:07:32','2026-01-13 03:29:50',196),(6221,2,127,7,'2026-01-12 17:07:32','2026-01-13 03:31:21',205),(6225,2,127,6,'2026-01-12 17:07:32','2026-01-13 03:31:21',205),(6226,2,127,NULL,'2026-01-12 17:07:32','2026-01-13 03:19:49',133),(6228,2,140,NULL,'2026-01-12 17:07:32','2026-01-13 03:19:49',133),(6242,2,127,8,'2026-01-12 17:07:32','2026-01-13 03:32:10',211),(6243,2,133,8,'2026-01-12 17:07:32','2026-01-13 03:29:42',195),(6250,2,127,7,'2026-01-12 17:07:32','2026-01-13 03:32:10',211),(6270,2,127,6,'2026-01-12 17:07:33','2026-01-13 03:32:10',211),(6296,2,140,7,'2026-01-12 17:07:33','2026-01-13 03:29:42',195),(6309,3,254,6,'2026-01-12 17:22:07','2026-01-13 03:41:50',286),(6330,3,254,8,'2026-01-12 17:22:07','2026-01-13 03:37:50',262),(6341,3,251,8,'2026-01-12 17:22:08','2026-01-13 03:38:00',263),(6347,3,251,7,'2026-01-12 17:22:08','2026-01-13 03:38:00',263),(6360,3,257,6,'2026-01-12 17:22:08','2026-01-13 03:38:30',266),(6437,3,251,7,'2026-01-12 17:22:09','2026-01-13 03:39:40',273),(6510,3,254,8,'2026-01-12 17:22:10','2026-01-12 18:24:52',252),(6532,3,254,8,'2026-01-12 17:22:10','2026-01-13 03:42:00',287),(6594,3,252,NULL,'2026-01-12 17:22:11','2026-01-12 18:07:07',268),(6612,3,253,7,'2026-01-12 17:22:11','2026-01-13 03:39:11',269),(6624,3,257,7,'2026-01-12 17:22:11','2026-01-13 03:39:11',269),(6633,3,252,8,'2026-01-12 17:22:11','2026-01-13 03:38:56',268),(6638,3,254,4,'2026-01-12 17:22:11','2026-01-13 03:52:12',348),(6651,3,251,6,'2026-01-12 17:22:11','2026-01-13 03:39:40',273),(6652,3,254,NULL,'2026-01-12 17:22:11','2026-01-13 03:56:36',251),(6655,3,252,NULL,'2026-01-12 17:22:11','2026-01-13 03:56:36',251),(6656,3,252,NULL,'2026-01-12 17:22:11','2026-01-13 03:56:36',251),(6657,3,254,NULL,'2026-01-12 17:22:11','2026-01-13 03:56:36',251),(6673,3,251,NULL,'2026-01-12 17:22:12','2026-01-13 03:56:41',252),(6674,3,251,NULL,'2026-01-12 17:22:12','2026-01-13 03:56:41',252),(6675,3,253,NULL,'2026-01-12 17:22:12','2026-01-13 03:56:41',252),(6678,3,253,NULL,'2026-01-12 17:22:12','2026-01-13 03:56:41',252),(6680,3,253,NULL,'2026-01-12 17:22:12','2026-01-13 03:56:41',252),(6683,3,252,8,'2026-01-12 17:22:12','2026-01-12 18:09:16',281),(6691,3,252,8,'2026-01-12 17:22:12','2026-01-13 03:38:56',268),(6698,3,251,8,'2026-01-12 17:22:12','2026-01-13 03:40:00',275),(6715,3,253,NULL,'2026-01-12 17:22:12','2026-01-13 03:56:41',252),(6729,3,254,8,'2026-01-12 17:22:12','2026-01-12 18:24:52',252),(6731,3,254,8,'2026-01-12 17:22:12','2026-01-13 03:38:56',268),(6765,3,251,6,'2026-01-12 17:22:13','2026-01-13 03:41:21',283),(6773,3,254,8,'2026-01-12 17:22:13','2026-01-13 03:56:41',252),(6793,3,257,7,'2026-01-12 17:22:13','2026-01-13 03:41:43',285),(6838,3,281,8,'2026-01-12 17:22:13','2026-01-13 03:40:10',276),(6853,3,252,7,'2026-01-12 17:22:14','2026-01-12 18:08:31',277),(6887,3,257,7,'2026-01-12 17:22:14','2026-01-13 03:39:11',269),(6904,3,254,8,'2026-01-12 17:22:14','2026-01-13 03:41:15',282),(6912,3,254,8,'2026-01-12 17:22:14','2026-01-13 03:40:00',275),(6917,3,282,6,'2026-01-12 17:22:14','2026-01-13 03:38:32',264),(6921,3,252,6,'2026-01-12 17:22:14','2026-01-13 03:38:32',264),(6925,3,254,6,'2026-01-12 17:22:15','2026-01-13 03:38:32',264),(6944,3,254,8,'2026-01-12 17:22:15','2026-01-12 18:24:52',252),(6945,3,252,7,'2026-01-12 17:22:15','2026-01-13 03:39:11',269),(6997,3,254,8,'2026-01-12 17:22:15','2026-01-12 18:24:52',252),(7022,3,251,7,'2026-01-12 17:22:16','2026-01-13 03:43:10',294),(7027,3,254,8,'2026-01-12 17:22:16','2026-01-12 18:24:52',252),(7034,3,252,6,'2026-01-12 17:22:16','2026-01-13 03:43:21',295),(7039,3,257,6,'2026-01-12 17:22:16','2026-01-13 03:43:30',296),(7041,3,254,8,'2026-01-12 17:22:16','2026-01-13 03:43:03',293),(7050,3,254,8,'2026-01-12 17:22:16','2026-01-13 03:39:11',269),(7059,3,254,6,'2026-01-12 17:22:16','2026-01-13 03:43:21',295),(7066,3,254,6,'2026-01-12 17:22:16','2026-01-13 03:43:21',295),(7068,3,254,6,'2026-01-12 17:22:16','2026-01-13 03:43:41',297),(7073,3,251,6,'2026-01-12 17:22:16','2026-01-13 03:43:41',297),(7076,3,251,7,'2026-01-12 17:22:16','2026-01-13 03:40:52',280),(7077,3,251,8,'2026-01-12 17:22:16','2026-01-13 03:43:50',298),(7079,3,251,6,'2026-01-12 17:22:16','2026-01-13 03:43:41',297),(7094,3,252,NULL,'2026-01-12 17:22:17','2026-01-13 03:56:51',254),(7097,3,257,NULL,'2026-01-12 17:22:17','2026-01-13 03:56:51',254),(7101,3,257,6,'2026-01-12 17:22:17','2026-01-13 03:41:21',283),(7109,3,251,6,'2026-01-12 17:22:17','2026-01-13 03:41:21',283),(7112,3,252,6,'2026-01-12 17:22:17','2026-01-13 03:42:11',288),(7115,3,251,6,'2026-01-12 17:22:17','2026-01-13 03:39:22',271),(7121,3,251,5,'2026-01-12 17:22:17','2026-01-13 03:39:22',271),(7122,3,251,6,'2026-01-12 17:22:17','2026-01-12 18:07:33',271),(7125,3,252,5,'2026-01-12 17:22:17','2026-01-13 03:42:11',288),(7130,3,252,6,'2026-01-12 17:22:17','2026-01-13 03:43:50',298),(7133,3,252,5,'2026-01-12 17:22:17','2026-01-12 18:15:12',317),(7134,3,254,5,'2026-01-12 17:22:17','2026-01-13 03:44:40',303),(7146,3,251,7,'2026-01-12 17:22:17','2026-01-13 03:37:30',257),(7148,3,252,8,'2026-01-12 17:22:17','2026-01-13 03:39:11',269),(7154,3,301,3,'2026-01-12 17:22:17','2026-01-13 03:37:31',260),(7163,3,251,8,'2026-01-12 17:22:17','2026-01-13 03:39:11',269),(7193,3,254,8,'2026-01-12 17:22:18','2026-01-13 03:39:11',269),(7195,3,257,8,'2026-01-12 17:22:18','2026-01-13 03:56:41',252),(7205,3,257,8,'2026-01-12 17:22:18','2026-01-13 03:56:41',252),(7217,3,253,8,'2026-01-12 17:22:18','2026-01-13 03:39:11',269),(7220,3,252,7,'2026-01-12 17:22:18','2026-01-13 03:37:30',257),(7235,3,254,8,'2026-01-12 17:22:18','2026-01-13 03:56:41',252),(7253,3,257,NULL,'2026-01-12 17:22:18','2026-01-13 03:48:51',328),(7264,3,254,5,'2026-01-12 17:22:18','2026-01-13 03:44:40',303),(7286,3,257,NULL,'2026-01-12 17:22:19','2026-01-13 03:48:51',328),(7307,3,254,8,'2026-01-12 17:22:19','2026-01-13 03:56:41',252),(7357,3,293,6,'2026-01-12 17:22:19','2026-01-13 03:52:21',349),(7358,3,293,4,'2026-01-12 17:22:19','2026-01-13 03:52:12',348),(7361,3,251,7,'2026-01-12 17:22:20','2026-01-13 03:42:50',292),(7362,3,254,8,'2026-01-12 17:22:20','2026-01-13 03:43:03',293),(7368,3,253,8,'2026-01-12 17:22:20','2026-01-13 03:56:41',252),(7375,3,251,7,'2026-01-12 17:22:20','2026-01-13 03:39:11',269),(7459,3,257,8,'2026-01-12 17:22:21','2026-01-13 03:56:41',252),(7576,3,257,8,'2026-01-12 17:22:22','2026-01-13 03:56:41',252),(7582,3,254,7,'2026-01-12 17:22:22','2026-01-13 03:37:50',262),(7596,3,252,6,'2026-01-12 17:22:22','2026-01-13 03:52:12',348),(7597,3,252,6,'2026-01-12 17:22:22','2026-01-12 18:06:48',264),(7637,3,257,NULL,'2026-01-12 17:22:23','2026-01-13 03:43:03',293),(7717,3,251,5,'2026-01-12 17:22:24','2026-01-13 03:45:22',307),(7727,3,254,8,'2026-01-12 17:22:24','2026-01-13 03:46:52',316),(7732,3,254,8,'2026-01-12 17:22:24','2026-01-13 03:47:02',317),(7796,3,264,6,'2026-01-12 17:22:25','2026-01-12 18:11:16',293),(7801,3,264,6,'2026-01-12 17:22:25','2026-01-12 18:11:16',293),(7829,3,309,7,'2026-01-12 17:22:25','2026-01-13 03:43:03',293),(7840,3,309,6,'2026-01-12 17:22:25','2026-01-13 03:43:03',293),(7843,3,309,7,'2026-01-12 17:22:25','2026-01-13 03:43:03',293),(7857,3,309,6,'2026-01-12 17:22:25','2026-01-13 03:43:03',293),(7859,3,309,7,'2026-01-12 17:22:25','2026-01-13 03:43:03',293),(7861,3,252,6,'2026-01-12 17:22:25','2026-01-12 18:11:16',293),(7888,3,309,6,'2026-01-12 17:22:26','2026-01-13 03:43:03',293),(7907,3,254,NULL,'2026-01-12 17:22:26','2026-01-13 03:45:58',309),(7923,3,254,8,'2026-01-12 17:22:26','2026-01-13 03:44:51',304),(7970,3,253,6,'2026-01-12 17:22:27','2026-01-13 03:45:58',309),(7973,3,253,6,'2026-01-12 17:22:27','2026-01-13 03:45:58',309),(7979,3,251,6,'2026-01-12 17:22:27','2026-01-13 03:45:22',307),(7982,3,253,7,'2026-01-12 17:22:27','2026-01-13 03:45:22',307),(7988,3,309,6,'2026-01-12 17:22:27','2026-01-13 03:45:22',307),(7991,3,309,5,'2026-01-12 17:22:27','2026-01-13 03:45:22',307),(8007,3,254,8,'2026-01-12 17:22:27','2026-01-13 03:41:15',282),(8013,3,254,8,'2026-01-12 17:22:27','2026-01-13 03:39:11',269),(8017,3,309,8,'2026-01-12 17:22:27','2026-01-13 03:46:52',316),(8024,3,254,8,'2026-01-12 17:22:27','2026-01-13 03:39:31',272),(8026,3,309,4,'2026-01-12 17:22:27','2026-01-13 03:48:13',324),(8045,3,309,4,'2026-01-12 17:22:27','2026-01-13 03:45:22',307),(8046,3,254,8,'2026-01-12 17:22:27','2026-01-13 03:41:15',282),(8049,3,254,NULL,'2026-01-12 17:22:27','2026-01-13 03:41:15',282),(8055,3,251,7,'2026-01-12 17:22:27','2026-01-12 18:15:02',316),(8056,3,254,6,'2026-01-12 17:22:27','2026-01-13 03:50:21',337),(8091,3,251,4,'2026-01-12 17:22:28','2026-01-13 03:44:40',303),(8104,3,257,NULL,'2026-01-12 17:22:28','2026-01-13 03:48:51',328),(8106,3,251,NULL,'2026-01-12 17:22:28','2026-01-13 03:48:51',328),(8128,3,293,8,'2026-01-12 17:22:28','2026-01-13 03:49:02',329),(8130,3,273,6,'2026-01-12 17:22:28','2026-01-13 03:38:32',264),(8136,3,251,6,'2026-01-12 17:22:28','2026-01-13 03:38:32',264),(8138,3,251,6,'2026-01-12 17:22:28','2026-01-13 03:38:32',264),(8142,3,251,6,'2026-01-12 17:22:28','2026-01-13 03:38:32',264),(8146,3,254,6,'2026-01-12 17:22:28','2026-01-13 03:38:32',264),(8148,3,254,6,'2026-01-12 17:22:28','2026-01-13 03:38:32',264),(8150,3,254,6,'2026-01-12 17:22:28','2026-01-13 03:38:32',264),(8164,3,309,4,'2026-01-12 17:22:28','2026-01-13 03:45:22',307),(8200,3,309,6,'2026-01-12 17:22:29','2026-01-13 03:38:32',264),(8201,3,254,6,'2026-01-12 17:22:29','2026-01-13 03:38:32',264),(8204,3,251,6,'2026-01-12 17:22:29','2026-01-13 03:38:32',264),(8208,3,309,6,'2026-01-12 17:22:29','2026-01-13 03:38:32',264),(8211,3,309,6,'2026-01-12 17:22:29','2026-01-13 03:38:32',264),(8213,3,309,6,'2026-01-12 17:22:29','2026-01-13 03:38:32',264),(8214,3,254,6,'2026-01-12 17:22:29','2026-01-13 03:38:32',264),(8217,3,254,9,'2026-01-12 17:22:29','2026-01-13 03:49:41',333),(8244,3,251,7,'2026-01-12 17:22:29','2026-01-13 03:42:11',288),(8246,3,331,7,'2026-01-12 17:22:29','2026-01-13 03:50:01',335),(8250,3,254,8,'2026-01-12 17:22:30','2026-01-13 03:39:31',272),(8262,3,251,7,'2026-01-12 17:22:30','2026-01-13 03:39:22',271),(8274,3,254,NULL,'2026-01-12 17:22:30','2026-01-12 18:17:14',329),(8278,3,251,6,'2026-01-12 17:22:30','2026-01-13 03:39:22',271),(8279,3,251,6,'2026-01-12 17:22:30','2026-01-13 03:42:11',288),(8281,3,251,5,'2026-01-12 17:22:30','2026-01-13 03:39:22',271),(8286,3,251,9,'2026-01-12 17:22:30','2026-01-13 03:39:11',269),(8288,3,254,9,'2026-01-12 17:22:30','2026-01-13 03:39:11',269),(8295,3,251,7,'2026-01-12 17:22:30','2026-01-13 03:37:30',257),(8299,3,309,8,'2026-01-12 17:22:30','2026-01-13 03:39:11',269),(8321,3,254,7,'2026-01-12 17:22:31','2026-01-13 03:39:11',269),(8322,3,269,7,'2026-01-12 17:22:31','2026-01-13 03:50:41',339),(8324,3,269,6,'2026-01-12 17:22:31','2026-01-13 03:50:41',339),(8327,3,251,7,'2026-01-12 17:22:31','2026-01-13 03:50:51',340),(8328,3,251,7,'2026-01-12 17:22:31','2026-01-13 03:50:31',338),(8330,3,331,7,'2026-01-12 17:22:31','2026-01-13 03:39:11',269),(8333,3,254,7,'2026-01-12 17:22:31','2026-01-13 03:39:11',269),(8358,3,282,6,'2026-01-12 17:22:31','2026-01-13 03:40:30',278),(8376,3,251,8,'2026-01-12 17:22:31','2026-01-13 03:50:21',337),(8380,3,254,8,'2026-01-12 17:22:31','2026-01-13 03:50:21',337),(8389,3,254,8,'2026-01-12 17:22:31','2026-01-13 03:49:24',331),(8391,3,251,8,'2026-01-12 17:22:31','2026-01-13 03:41:43',285),(8396,3,251,7,'2026-01-12 17:22:31','2026-01-13 03:46:52',316),(8402,3,251,7,'2026-01-12 17:22:31','2026-01-13 03:50:21',337),(8405,3,254,8,'2026-01-12 17:22:32','2026-01-13 03:49:24',331),(8417,3,254,8,'2026-01-12 17:22:32','2026-01-13 03:49:24',331),(8422,3,254,8,'2026-01-12 17:22:32','2026-01-12 18:12:13',299),(8425,3,254,6,'2026-01-12 17:22:32','2026-01-12 18:12:13',299),(8428,3,254,7,'2026-01-12 17:22:32','2026-01-13 03:45:51',310),(8456,3,253,7,'2026-01-12 17:22:32','2026-01-13 03:48:44',327),(8483,3,251,5,'2026-01-12 17:22:32','2026-01-13 03:51:51',346),(8485,3,254,8,'2026-01-12 17:22:32','2026-01-13 03:50:21',337),(8498,3,251,4,'2026-01-12 17:22:32','2026-01-13 03:51:12',342),(8507,3,251,NULL,'2026-01-12 17:22:33','2026-01-13 03:49:24',331),(8510,3,251,8,'2026-01-12 17:22:33','2026-01-13 03:51:32',344),(8511,3,251,7,'2026-01-12 17:22:33','2026-01-13 03:41:43',285),(8529,3,252,8,'2026-01-12 17:22:33','2026-01-13 03:49:11',330),(8533,3,254,8,'2026-01-12 17:22:33','2026-01-13 03:49:24',331),(8577,3,254,8,'2026-01-12 17:22:33','2026-01-13 03:40:30',278),(8623,3,264,8,'2026-01-12 17:22:34','2026-01-13 03:49:24',331),(8640,3,269,6,'2026-01-12 17:22:34','2026-01-12 18:14:32',313),(8641,3,254,8,'2026-01-12 17:22:34','2026-01-13 03:56:41',252),(8667,3,257,NULL,'2026-01-12 17:22:34','2026-01-13 03:56:51',254),(8668,3,257,NULL,'2026-01-12 17:22:34','2026-01-13 03:56:51',254),(8678,3,264,7,'2026-01-12 17:22:34','2026-01-13 03:37:30',257),(8691,3,254,7,'2026-01-12 17:22:35','2026-01-13 03:48:44',327),(8701,3,251,7,'2026-01-12 17:22:35','2026-01-13 03:48:44',327),(8708,3,254,8,'2026-01-12 17:22:35','2026-01-13 03:49:24',331),(8709,3,254,8,'2026-01-12 17:22:35','2026-01-13 03:39:11',269),(8721,3,254,8,'2026-01-12 17:22:35','2026-01-12 18:09:16',281),(8729,3,254,8,'2026-01-12 17:22:35','2026-01-13 03:49:24',331),(8734,3,254,8,'2026-01-12 17:22:35','2026-01-13 03:49:24',331),(8735,3,254,8,'2026-01-12 17:22:35','2026-01-13 03:52:43',351),(8796,3,253,6,'2026-01-12 17:22:36','2026-01-13 03:38:32',264),(8799,3,253,NULL,'2026-01-12 17:22:36','2026-01-13 03:38:32',264),(8805,3,254,6,'2026-01-12 17:22:36','2026-01-13 03:52:21',349),(8807,3,252,4,'2026-01-12 17:22:36','2026-01-13 03:46:21',313),(8817,3,252,NULL,'2026-01-12 17:22:36','2026-01-13 03:38:32',264),(8836,3,264,7,'2026-01-12 17:22:36','2026-01-13 03:37:30',257),(8841,3,254,8,'2026-01-12 17:22:36','2026-01-13 03:37:30',257),(8854,3,252,6,'2026-01-12 17:22:36','2026-01-13 03:38:32',264),(8855,3,252,6,'2026-01-12 17:22:36','2026-01-13 03:38:32',264),(8857,3,264,6,'2026-01-12 17:22:36','2026-01-13 03:46:21',313),(8859,3,254,NULL,'2026-01-12 17:22:36','2026-01-13 03:38:32',264),(8865,3,251,8,'2026-01-12 17:22:36','2026-01-13 03:41:43',285),(8868,3,251,7,'2026-01-12 17:22:36','2026-01-13 03:41:43',285),(8890,3,252,7,'2026-01-12 17:22:37','2026-01-13 03:37:30',257),(8904,3,251,7,'2026-01-12 17:22:37','2026-01-13 03:40:52',280),(8909,3,257,NULL,'2026-01-12 17:22:37','2026-01-13 03:56:51',254),(8926,3,254,8,'2026-01-12 17:22:37','2026-01-12 18:05:42',257),(8929,3,254,8,'2026-01-12 17:22:37','2026-01-13 03:49:24',331),(8930,3,251,6,'2026-01-12 17:22:37','2026-01-13 03:52:12',348),(8931,3,251,6,'2026-01-12 17:22:37','2026-01-13 03:43:41',297),(8933,3,254,7,'2026-01-12 17:22:37','2026-01-13 03:37:30',257),(8937,3,254,7,'2026-01-12 17:22:37','2026-01-13 03:37:30',257),(8939,3,264,7,'2026-01-12 17:22:37','2026-01-13 03:37:30',257),(8941,3,251,8,'2026-01-12 17:22:37','2026-01-13 03:45:01',305),(8942,3,251,7,'2026-01-12 17:22:37','2026-01-13 03:43:41',297),(8951,3,264,NULL,'2026-01-12 17:22:37','2026-01-12 18:05:42',257),(8954,3,264,NULL,'2026-01-12 17:22:37','2026-01-13 03:37:30',257),(8955,3,264,7,'2026-01-12 17:22:37','2026-01-13 03:37:30',257),(8957,3,254,8,'2026-01-12 17:22:37','2026-01-13 03:49:24',331),(8963,3,282,7,'2026-01-12 17:22:37','2026-01-13 03:37:30',257),(8964,3,293,7,'2026-01-12 17:22:37','2026-01-13 03:37:30',257),(8966,3,282,7,'2026-01-12 17:22:37','2026-01-13 03:37:30',257),(8969,3,282,7,'2026-01-12 17:22:37','2026-01-13 03:37:30',257),(8972,3,282,7,'2026-01-12 17:22:38','2026-01-13 03:37:30',257),(8975,3,282,7,'2026-01-12 17:22:38','2026-01-13 03:37:30',257),(8984,3,264,7,'2026-01-12 17:22:38','2026-01-13 03:37:30',257),(8985,3,282,7,'2026-01-12 17:22:38','2026-01-13 03:37:30',257),(8988,3,282,7,'2026-01-12 17:22:38','2026-01-13 03:37:30',257),(8989,3,282,7,'2026-01-12 17:22:38','2026-01-13 03:37:30',257),(8991,3,293,7,'2026-01-12 17:22:38','2026-01-13 03:37:30',257),(8992,3,282,7,'2026-01-12 17:22:38','2026-01-13 03:37:30',257),(9008,3,264,7,'2026-01-12 17:22:38','2026-01-13 03:37:30',257),(9013,3,264,7,'2026-01-12 17:22:38','2026-01-13 03:37:30',257),(9016,3,264,7,'2026-01-12 17:22:38','2026-01-13 03:37:30',257),(9017,3,257,6,'2026-01-12 17:22:38','2026-01-12 18:06:48',264),(9018,3,264,7,'2026-01-12 17:22:38','2026-01-13 03:37:30',257),(9025,3,254,7,'2026-01-12 17:22:38','2026-01-13 03:37:30',257),(9026,3,264,7,'2026-01-12 17:22:38','2026-01-13 03:37:30',257),(9027,3,264,7,'2026-01-12 17:22:38','2026-01-13 03:37:30',257),(9029,3,264,7,'2026-01-12 17:22:38','2026-01-13 03:37:30',257),(9030,3,264,7,'2026-01-12 17:22:38','2026-01-13 03:37:30',257),(9038,3,264,7,'2026-01-12 17:22:38','2026-01-13 03:37:30',257),(9039,3,264,7,'2026-01-12 17:22:38','2026-01-13 03:37:30',257),(9043,3,264,7,'2026-01-12 17:22:38','2026-01-13 03:37:30',257),(9044,3,264,7,'2026-01-12 17:22:38','2026-01-13 03:37:30',257),(9045,3,254,7,'2026-01-12 17:22:38','2026-01-13 03:37:30',257),(9046,3,254,7,'2026-01-12 17:22:38','2026-01-13 03:37:30',257),(9047,3,264,7,'2026-01-12 17:22:38','2026-01-13 03:37:30',257),(9048,3,264,7,'2026-01-12 17:22:38','2026-01-13 03:37:30',257),(9049,3,257,6,'2026-01-12 17:22:38','2026-01-12 18:06:48',264),(9050,3,257,6,'2026-01-12 17:22:38','2026-01-12 18:06:48',264),(9053,3,293,7,'2026-01-12 17:22:38','2026-01-13 03:37:30',257),(9054,3,251,7,'2026-01-12 17:22:38','2026-01-13 03:37:30',257),(9055,3,254,6,'2026-01-12 17:22:38','2026-01-13 03:39:22',271),(9056,3,264,7,'2026-01-12 17:22:38','2026-01-13 03:37:30',257),(9057,3,253,7,'2026-01-12 17:22:38','2026-01-13 03:37:30',257),(9058,3,264,7,'2026-01-12 17:22:38','2026-01-13 03:37:30',257),(9060,3,253,7,'2026-01-12 17:22:38','2026-01-13 03:37:30',257),(9061,3,266,7,'2026-01-12 17:22:38','2026-01-13 03:37:30',257),(9062,3,266,7,'2026-01-12 17:22:38','2026-01-13 03:37:30',257),(9064,3,264,7,'2026-01-12 17:22:38','2026-01-13 03:37:30',257),(9065,3,264,7,'2026-01-12 17:22:38','2026-01-13 03:37:30',257),(9067,3,253,7,'2026-01-12 17:22:38','2026-01-13 03:37:30',257),(9068,3,252,7,'2026-01-12 17:22:38','2026-01-13 03:37:30',257),(9069,3,254,8,'2026-01-12 17:22:38','2026-01-12 18:21:31',355),(9071,3,257,6,'2026-01-12 17:22:38','2026-01-12 18:06:48',264),(9072,3,254,7,'2026-01-12 17:22:38','2026-01-13 03:45:51',310),(9079,3,251,8,'2026-01-12 17:22:38','2026-01-13 03:41:15',282),(9085,3,251,6,'2026-01-12 17:22:39','2026-01-13 03:48:00',323),(9091,3,251,7,'2026-01-12 17:22:39','2026-01-13 03:48:00',323),(9093,3,254,6,'2026-01-12 17:22:39','2026-01-13 03:38:32',264),(9110,3,254,8,'2026-01-12 17:22:39','2026-01-13 03:48:30',326),(9133,3,257,6,'2026-01-12 17:22:39','2026-01-13 03:38:32',264),(9134,3,257,NULL,'2026-01-12 17:22:39','2026-01-12 18:06:48',264),(9137,3,257,6,'2026-01-12 17:22:39','2026-01-13 03:38:32',264),(9138,3,251,NULL,'2026-01-12 17:22:39','2026-01-12 18:06:48',264),(9146,3,257,8,'2026-01-12 17:22:39','2026-01-12 18:08:31',277),(9151,3,257,7,'2026-01-12 17:22:39','2026-01-12 18:08:31',277),(9162,3,251,NULL,'2026-01-12 17:22:39','2026-01-12 18:10:23',288),(9163,3,251,6,'2026-01-12 17:22:39','2026-01-13 03:43:21',295),(9170,3,254,8,'2026-01-12 17:22:39','2026-01-13 03:44:02',299),(9173,3,254,8,'2026-01-12 17:22:39','2026-01-12 18:05:42',257),(9188,3,254,8,'2026-01-12 17:22:39','2026-01-12 18:05:42',257),(9193,3,251,8,'2026-01-12 17:22:40','2026-01-13 03:44:30',302),(9196,3,254,8,'2026-01-12 17:22:40','2026-01-12 18:05:42',257),(9215,3,254,4,'2026-01-12 17:22:40','2026-01-13 03:52:43',351),(9217,3,254,6,'2026-01-12 17:22:40','2026-01-13 03:44:30',302),(9225,3,251,8,'2026-01-12 17:22:40','2026-01-13 03:41:15',282),(9226,3,251,7,'2026-01-12 17:22:40','2026-01-13 03:44:02',299),(9234,3,251,7,'2026-01-12 17:22:40','2026-01-12 18:12:13',299),(9243,3,251,6,'2026-01-12 17:22:40','2026-01-13 03:44:02',299),(9246,3,251,NULL,'2026-01-12 17:22:40','2026-01-13 03:44:02',299),(9257,3,251,5,'2026-01-12 17:22:40','2026-01-13 03:41:21',283),(9261,3,251,5,'2026-01-12 17:22:40','2026-01-13 03:41:21',283),(9287,3,254,6,'2026-01-12 17:22:41','2026-01-13 03:52:21',349),(9295,3,264,8,'2026-01-12 17:22:41','2026-01-13 03:44:51',304),(9324,3,251,4,'2026-01-12 17:22:41','2026-01-13 03:39:22',271),(9330,3,264,8,'2026-01-12 17:22:41','2026-01-13 03:44:51',304),(9331,3,251,6,'2026-01-12 17:22:41','2026-01-13 03:39:22',271),(9333,3,251,6,'2026-01-12 17:22:41','2026-01-13 03:41:21',283),(9335,3,254,8,'2026-01-12 17:22:41','2026-01-13 03:39:31',272),(9369,3,251,7,'2026-01-12 17:22:41','2026-01-13 03:49:02',329),(9373,3,251,7,'2026-01-12 17:22:42','2026-01-13 03:49:02',329),(9379,3,251,6,'2026-01-12 17:22:42','2026-01-13 03:49:02',329),(9390,3,251,8,'2026-01-12 17:22:42','2026-01-13 03:50:01',335),(9419,3,251,6,'2026-01-12 17:22:42','2026-01-13 03:54:11',360),(9447,3,254,8,'2026-01-12 17:22:42','2026-01-12 18:05:42',257),(9462,3,264,7,'2026-01-12 17:22:42','2026-01-13 03:37:30',257),(9471,3,264,7,'2026-01-12 17:22:43','2026-01-13 03:37:30',257),(9472,3,251,7,'2026-01-12 17:22:43','2026-01-13 03:52:21',349),(9479,3,254,8,'2026-01-12 17:22:43','2026-01-13 03:37:30',257),(9485,3,254,6,'2026-01-12 17:22:43','2026-01-13 03:41:15',282),(9486,3,254,8,'2026-01-12 17:22:43','2026-01-13 03:39:11',269),(9487,3,254,8,'2026-01-12 17:22:43','2026-01-13 03:41:50',286),(9505,3,251,7,'2026-01-12 17:22:43','2026-01-13 03:41:15',282),(9512,3,251,NULL,'2026-01-12 17:22:43','2026-01-13 03:41:15',282),(9514,3,251,7,'2026-01-12 17:22:43','2026-01-13 03:37:30',257),(9515,3,251,7,'2026-01-12 17:22:43','2026-01-13 03:37:30',257),(9530,3,254,8,'2026-01-12 17:22:43','2026-01-13 03:41:50',286),(9544,3,254,8,'2026-01-12 17:22:43','2026-01-13 03:41:50',286),(9559,3,254,8,'2026-01-12 17:22:43','2026-01-13 03:52:43',351),(9564,3,254,8,'2026-01-12 17:22:43','2026-01-12 18:24:52',252),(9576,3,254,8,'2026-01-12 17:22:44','2026-01-13 03:37:30',257),(9580,3,264,7,'2026-01-12 17:22:44','2026-01-13 03:37:30',257),(9583,3,257,8,'2026-01-12 17:22:44','2026-01-12 18:24:52',252),(9586,3,264,8,'2026-01-12 17:22:44','2026-01-12 18:05:42',257),(9589,3,264,7,'2026-01-12 17:22:44','2026-01-13 03:37:30',257),(9590,3,268,6,'2026-01-12 17:22:44','2026-01-13 03:42:50',292),(9591,3,257,7,'2026-01-12 17:22:44','2026-01-13 03:39:11',269),(9596,3,264,7,'2026-01-12 17:22:44','2026-01-13 03:37:30',257),(9605,3,264,6,'2026-01-12 17:22:44','2026-01-13 03:39:11',269),(9607,3,254,8,'2026-01-12 17:22:44','2026-01-13 03:40:00',275),(9611,3,264,6,'2026-01-12 17:22:44','2026-01-13 03:39:11',269),(9624,3,251,8,'2026-01-12 17:22:44','2026-01-13 03:43:10',294),(9625,3,251,7,'2026-01-12 17:22:44','2026-01-13 03:42:50',292),(9655,3,254,8,'2026-01-12 17:22:44','2026-01-12 18:05:42',257),(9656,3,254,8,'2026-01-12 17:22:44','2026-01-13 03:39:31',272),(9669,3,264,9,'2026-01-12 17:22:45','2026-01-13 03:53:32',356),(9684,3,269,6,'2026-01-12 17:22:45','2026-01-12 18:06:48',264),(9690,3,251,7,'2026-01-12 17:22:45','2026-01-13 03:50:51',340),(9700,3,254,8,'2026-01-12 17:22:45','2026-01-12 18:24:52',252),(9701,3,254,8,'2026-01-12 17:22:45','2026-01-12 18:05:42',257),(9702,3,257,6,'2026-01-12 17:22:45','2026-01-12 18:06:48',264),(9703,3,257,6,'2026-01-12 17:22:45','2026-01-12 18:06:48',264),(9704,3,252,6,'2026-01-12 17:22:45','2026-01-12 18:06:48',264),(9711,3,253,6,'2026-01-12 17:22:45','2026-01-13 03:38:32',264),(9715,3,257,6,'2026-01-12 17:22:45','2026-01-13 03:38:32',264),(9716,3,257,6,'2026-01-12 17:22:45','2026-01-13 03:38:32',264),(9719,3,257,6,'2026-01-12 17:22:45','2026-01-13 03:38:32',264),(9722,3,257,6,'2026-01-12 17:22:45','2026-01-13 03:38:32',264),(9723,3,257,6,'2026-01-12 17:22:45','2026-01-13 03:38:32',264),(9730,3,251,NULL,'2026-01-12 17:22:45','2026-01-13 03:41:15',282),(9733,3,251,7,'2026-01-12 17:22:45','2026-01-13 03:51:32',344),(9742,3,254,5,'2026-01-12 17:22:45','2026-01-13 03:47:02',317),(9745,3,251,6,'2026-01-12 17:22:46','2026-01-13 03:38:32',264),(9750,3,252,6,'2026-01-12 17:22:46','2026-01-13 03:38:32',264),(9753,3,254,6,'2026-01-12 17:22:46','2026-01-13 03:38:32',264),(9754,3,252,6,'2026-01-12 17:22:46','2026-01-13 03:38:32',264),(9757,3,252,6,'2026-01-12 17:22:46','2026-01-13 03:38:32',264),(9759,3,251,6,'2026-01-12 17:22:46','2026-01-13 03:38:32',264),(9763,3,251,6,'2026-01-12 17:22:46','2026-01-13 03:38:32',264),(9769,3,252,6,'2026-01-12 17:22:46','2026-01-13 03:38:32',264),(9771,3,252,6,'2026-01-12 17:22:46','2026-01-13 03:38:32',264),(9773,3,252,6,'2026-01-12 17:22:46','2026-01-13 03:38:32',264),(9776,3,254,8,'2026-01-12 17:22:46','2026-01-13 03:37:30',257),(9777,3,254,8,'2026-01-12 17:22:46','2026-01-13 03:41:15',282),(9787,3,251,7,'2026-01-12 17:22:46','2026-01-13 03:40:10',276),(9806,3,251,6,'2026-01-12 17:22:46','2026-01-13 03:51:32',344),(9811,3,254,8,'2026-01-12 17:22:46','2026-01-13 03:39:11',269),(9822,3,268,8,'2026-01-12 17:22:46','2026-01-13 03:39:11',269),(9833,3,254,8,'2026-01-12 17:22:46','2026-01-13 03:37:30',257),(9842,3,254,8,'2026-01-12 17:22:46','2026-01-13 03:37:30',257),(9847,3,254,8,'2026-01-12 17:22:47','2026-01-13 03:37:30',257),(9848,3,254,8,'2026-01-12 17:22:47','2026-01-13 03:37:30',257),(9857,3,254,8,'2026-01-12 17:22:47','2026-01-13 03:39:11',269),(9860,3,293,8,'2026-01-12 17:22:47','2026-01-13 03:37:30',257),(9864,3,279,8,'2026-01-12 17:22:47','2026-01-13 03:45:51',310),(9865,3,281,8,'2026-01-12 17:22:47','2026-01-13 03:37:30',257),(9866,3,281,8,'2026-01-12 17:22:47','2026-01-13 03:37:30',257),(9867,3,254,7,'2026-01-12 17:22:47','2026-01-13 03:45:51',310),(9869,3,254,8,'2026-01-12 17:22:47','2026-01-13 03:39:11',269),(9875,3,268,8,'2026-01-12 17:22:47','2026-01-13 03:39:11',269),(9881,3,254,8,'2026-01-12 17:22:47','2026-01-13 03:48:44',327),(9890,3,274,6,'2026-01-12 17:22:47','2026-01-13 03:51:51',346),(9891,3,264,8,'2026-01-12 17:22:47','2026-01-13 03:48:44',327),(9893,3,254,8,'2026-01-12 17:22:47','2026-01-13 03:38:56',268),(9905,3,319,8,'2026-01-12 17:22:47','2026-01-13 03:37:30',257),(9909,3,269,8,'2026-01-12 17:22:47','2026-01-13 03:37:30',257),(9912,3,251,8,'2026-01-12 17:22:47','2026-01-13 03:37:30',257),(9919,3,254,8,'2026-01-12 17:22:47','2026-01-13 03:37:30',257),(9920,3,252,8,'2026-01-12 17:22:47','2026-01-13 03:37:30',257),(9921,3,281,8,'2026-01-12 17:22:47','2026-01-13 03:37:30',257),(9922,3,266,8,'2026-01-12 17:22:47','2026-01-13 03:37:30',257),(9923,3,253,8,'2026-01-12 17:22:47','2026-01-13 03:37:30',257),(9924,3,264,8,'2026-01-12 17:22:48','2026-01-13 03:37:30',257),(9929,3,264,7,'2026-01-12 17:22:48','2026-01-13 03:45:51',310),(9952,3,254,8,'2026-01-12 17:22:48','2026-01-13 03:38:56',268),(9956,3,254,7,'2026-01-12 17:22:48','2026-01-13 03:45:51',310),(9962,3,254,6,'2026-01-12 17:22:48','2026-01-12 18:15:12',317),(9969,3,254,8,'2026-01-12 17:22:48','2026-01-13 03:38:56',268),(9979,3,251,6,'2026-01-12 17:22:48','2026-01-12 18:15:12',317),(9981,3,251,6,'2026-01-12 17:22:48','2026-01-13 03:38:32',264),(9995,3,266,7,'2026-01-12 17:22:48','2026-01-13 03:37:30',257),(10013,3,254,8,'2026-01-12 17:22:48','2026-01-12 18:12:13',299),(10022,3,254,8,'2026-01-12 17:22:49','2026-01-12 18:07:07',268),(10056,3,269,7,'2026-01-12 17:22:49','2026-01-12 18:07:07',268),(10059,3,254,8,'2026-01-12 17:22:49','2026-01-13 03:42:00',287),(10060,3,269,8,'2026-01-12 17:22:49','2026-01-13 03:48:51',328),(10062,3,268,8,'2026-01-12 17:22:49','2026-01-13 03:48:51',328),(10063,3,251,6,'2026-01-12 17:22:49','2026-01-13 03:38:32',264),(10067,3,269,7,'2026-01-12 17:22:49','2026-01-12 18:07:07',268),(10078,3,319,7,'2026-01-12 17:22:49','2026-01-13 03:44:02',299),(10102,3,319,7,'2026-01-12 17:22:49','2026-01-13 03:44:02',299),(10107,3,251,7,'2026-01-12 17:22:49','2026-01-13 03:41:21',283),(10111,3,319,8,'2026-01-12 17:22:50','2026-01-13 03:44:02',299),(10127,3,319,NULL,'2026-01-12 17:22:50','2026-01-13 03:44:02',299),(10187,3,254,6,'2026-01-12 17:22:50','2026-01-13 03:55:01',365),(10188,3,254,9,'2026-01-12 17:22:50','2026-01-13 03:48:44',327),(10205,3,257,6,'2026-01-12 17:22:51','2026-01-13 03:38:32',264),(10207,3,253,7,'2026-01-12 17:22:51','2026-01-13 03:37:30',257),(10211,3,252,7,'2026-01-12 17:22:51','2026-01-13 03:37:30',257),(10215,3,257,6,'2026-01-12 17:22:51','2026-01-13 03:38:32',264),(10234,3,293,NULL,'2026-01-12 17:22:51','2026-01-13 03:39:11',269),(10237,3,254,8,'2026-01-12 17:22:51','2026-01-13 03:48:44',327),(10241,3,254,9,'2026-01-12 17:22:51','2026-01-13 03:47:33',320),(10243,3,257,NULL,'2026-01-12 17:22:51','2026-01-12 18:07:22',269),(10245,3,257,NULL,'2026-01-12 17:22:51','2026-01-12 18:07:22',269),(10246,3,257,NULL,'2026-01-12 17:22:51','2026-01-13 03:39:11',269),(10247,3,319,NULL,'2026-01-12 17:22:51','2026-01-13 03:39:11',269),(10255,3,293,NULL,'2026-01-12 17:22:51','2026-01-13 03:39:11',269),(10256,3,257,NULL,'2026-01-12 17:22:51','2026-01-13 03:39:11',269),(10257,3,293,NULL,'2026-01-12 17:22:51','2026-01-13 03:39:11',269),(10258,3,319,NULL,'2026-01-12 17:22:51','2026-01-13 03:39:11',269),(10259,3,257,NULL,'2026-01-12 17:22:51','2026-01-13 03:39:11',269),(10260,3,268,7,'2026-01-12 17:22:51','2026-01-13 03:39:11',269),(10267,3,293,NULL,'2026-01-12 17:22:51','2026-01-13 03:39:11',269),(10268,3,257,NULL,'2026-01-12 17:22:51','2026-01-13 03:39:11',269),(10269,3,293,NULL,'2026-01-12 17:22:51','2026-01-13 03:39:11',269),(10279,3,254,8,'2026-01-12 17:22:51','2026-01-13 03:56:41',252),(10288,3,257,6,'2026-01-12 17:22:51','2026-01-13 03:38:32',264),(10290,3,252,6,'2026-01-12 17:22:51','2026-01-13 03:38:32',264),(10292,3,252,6,'2026-01-12 17:22:51','2026-01-13 03:38:32',264),(10311,3,252,6,'2026-01-12 17:22:52','2026-01-13 03:47:02',317),(10323,3,251,6,'2026-01-12 17:22:52','2026-01-12 18:06:48',264),(10328,3,254,8,'2026-01-12 17:22:52','2026-01-13 03:56:41',252),(10330,3,254,NULL,'2026-01-12 17:22:52','2026-01-12 18:24:52',252),(10331,3,251,6,'2026-01-12 17:22:52','2026-01-13 03:38:32',264),(10334,3,252,6,'2026-01-12 17:22:52','2026-01-13 03:38:32',264),(10337,3,254,6,'2026-01-12 17:22:52','2026-01-13 03:38:32',264),(10340,3,252,6,'2026-01-12 17:22:52','2026-01-13 03:38:32',264),(10341,3,252,6,'2026-01-12 17:22:52','2026-01-12 18:06:48',264),(10353,3,251,6,'2026-01-12 17:22:52','2026-01-12 18:06:48',264),(10356,3,254,8,'2026-01-12 17:22:52','2026-01-13 03:42:20',289),(10360,3,264,8,'2026-01-12 17:22:52','2026-01-13 03:50:31',338),(10372,3,251,6,'2026-01-12 17:22:52','2026-01-13 03:38:32',264),(10374,3,251,6,'2026-01-12 17:22:52','2026-01-13 03:38:32',264),(10397,3,254,6,'2026-01-12 17:22:52','2026-01-13 03:38:32',264),(10398,3,254,6,'2026-01-12 17:22:52','2026-01-12 18:06:48',264),(10400,3,252,6,'2026-01-12 17:22:52','2026-01-13 03:38:32',264),(10402,3,254,6,'2026-01-12 17:22:52','2026-01-13 03:38:32',264),(10404,3,252,6,'2026-01-12 17:22:52','2026-01-13 03:38:32',264),(10417,3,254,6,'2026-01-12 17:22:53','2026-01-13 03:38:32',264),(10420,3,253,6,'2026-01-12 17:22:53','2026-01-13 03:38:32',264),(10430,3,254,8,'2026-01-12 17:22:53','2026-01-12 18:06:48',264),(10433,3,252,6,'2026-01-12 17:22:53','2026-01-13 03:37:30',257),(10437,3,252,6,'2026-01-12 17:22:53','2026-01-13 03:38:32',264),(10439,3,254,6,'2026-01-12 17:22:53','2026-01-12 18:06:48',264),(10442,3,254,8,'2026-01-12 17:22:53','2026-01-12 18:07:07',268),(10443,3,254,8,'2026-01-12 17:22:53','2026-01-13 03:56:41',252),(10444,3,254,NULL,'2026-01-12 17:22:53','2026-01-12 18:24:52',252),(10445,3,254,NULL,'2026-01-12 17:22:53','2026-01-13 03:37:31',260),(10448,3,254,6,'2026-01-12 17:22:53','2026-01-12 18:06:48',264),(10456,3,257,NULL,'2026-01-12 17:22:53','2026-01-12 18:24:52',252),(10471,3,254,8,'2026-01-12 17:22:53','2026-01-12 18:09:16',281),(10485,3,254,6,'2026-01-12 17:22:53','2026-01-13 03:55:01',365),(10518,3,257,NULL,'2026-01-12 17:22:54','2026-01-12 18:24:52',252),(10519,3,254,6,'2026-01-12 17:22:54','2026-01-13 03:55:01',365),(10529,3,257,8,'2026-01-12 17:22:54','2026-01-12 18:09:16',281),(10532,3,254,8,'2026-01-12 17:22:54','2026-01-13 03:55:12',366),(10533,3,254,8,'2026-01-12 17:22:54','2026-01-12 18:09:16',281),(10549,3,257,6,'2026-01-12 17:22:54','2026-01-13 03:39:11',269),(10550,3,254,8,'2026-01-12 17:22:54','2026-01-13 03:38:56',268),(10554,3,319,7,'2026-01-12 17:22:54','2026-01-13 03:54:11',360),(10555,3,254,6,'2026-01-12 17:22:54','2026-01-13 03:39:11',269),(10568,3,254,8,'2026-01-12 17:22:54','2026-01-13 03:39:11',269),(10571,3,254,8,'2026-01-12 17:22:54','2026-01-12 18:06:48',264),(10573,3,254,5,'2026-01-12 17:22:54','2026-01-12 18:06:48',264),(10580,3,264,NULL,'2026-01-12 17:22:54','2026-01-13 03:48:44',327),(10588,3,254,8,'2026-01-12 17:22:54','2026-01-13 03:48:13',324),(10598,3,254,NULL,'2026-01-12 17:22:54','2026-01-13 03:48:44',327),(10603,3,254,8,'2026-01-12 17:22:55','2026-01-12 18:06:48',264),(10607,3,254,6,'2026-01-12 17:22:55','2026-01-12 18:06:48',264),(10615,3,281,NULL,'2026-01-12 17:22:55','2026-01-12 18:16:56',327),(10621,3,254,8,'2026-01-12 17:22:55','2026-01-12 18:09:16',281),(10641,3,319,NULL,'2026-01-12 17:22:55','2026-01-12 18:25:03',254),(10652,3,319,NULL,'2026-01-12 17:22:55','2026-01-12 18:25:03',254),(10659,3,254,8,'2026-01-12 17:22:55','2026-01-13 03:38:56',268),(10673,3,254,8,'2026-01-12 17:22:55','2026-01-13 03:38:56',268),(10675,3,254,8,'2026-01-12 17:22:55','2026-01-12 18:06:48',264),(10676,3,319,6,'2026-01-12 17:22:55','2026-01-12 18:06:48',264),(10678,3,254,8,'2026-01-12 17:22:55','2026-01-13 03:48:13',324),(10694,3,254,8,'2026-01-12 17:22:55','2026-01-13 03:48:13',324),(10699,3,254,8,'2026-01-12 17:22:55','2026-01-13 03:48:13',324),(10721,3,254,8,'2026-01-12 17:22:56','2026-01-13 03:48:13',324),(10739,3,309,5,'2026-01-12 17:22:56','2026-01-12 18:06:48',264),(10741,3,309,6,'2026-01-12 17:22:56','2026-01-13 03:39:11',269),(10756,3,254,8,'2026-01-12 17:22:56','2026-01-13 03:37:30',257),(10763,3,254,8,'2026-01-12 17:22:56','2026-01-13 03:38:56',268),(10781,3,253,NULL,'2026-01-12 17:22:56','2026-01-13 03:39:11',269),(10784,3,254,8,'2026-01-12 17:22:56','2026-01-13 03:39:11',269),(10791,3,251,7,'2026-01-12 17:22:56','2026-01-13 03:39:11',269),(10796,3,253,NULL,'2026-01-12 17:22:56','2026-01-13 03:39:11',269),(10801,3,264,7,'2026-01-12 17:22:56','2026-01-13 03:39:11',269),(10802,3,264,7,'2026-01-12 17:22:56','2026-01-13 03:39:11',269),(10812,3,252,6,'2026-01-12 17:22:56','2026-01-13 03:38:32',264),(10814,3,252,6,'2026-01-12 17:22:56','2026-01-13 03:38:32',264),(10823,3,252,6,'2026-01-12 17:22:56','2026-01-13 03:38:32',264),(10827,3,252,6,'2026-01-12 17:22:56','2026-01-13 03:38:32',264),(10828,3,252,6,'2026-01-12 17:22:56','2026-01-13 03:38:32',264),(10850,3,251,7,'2026-01-12 17:22:57','2026-01-13 03:43:30',296),(10856,3,269,8,'2026-01-12 17:22:57','2026-01-13 03:47:28',319),(10893,3,254,8,'2026-01-12 17:22:57','2026-01-13 03:38:56',268),(10896,3,254,8,'2026-01-12 17:22:57','2026-01-13 03:42:00',287),(10903,3,319,8,'2026-01-12 17:22:57','2026-01-12 18:09:16',281),(10908,3,319,6,'2026-01-12 17:22:57','2026-01-12 18:09:16',281),(10916,3,269,8,'2026-01-12 17:22:57','2026-01-13 03:37:31',260),(10919,3,251,NULL,'2026-01-12 17:22:57','2026-01-13 03:41:43',285),(10932,3,252,8,'2026-01-12 17:22:57','2026-01-13 03:37:30',257),(10940,3,264,8,'2026-01-12 17:22:57','2026-01-12 18:09:16',281),(10962,3,254,8,'2026-01-12 17:22:58','2026-01-12 18:09:16',281),(10964,3,254,8,'2026-01-12 17:22:58','2026-01-12 18:09:16',281),(10969,3,254,8,'2026-01-12 17:22:58','2026-01-12 18:09:16',281),(10982,3,269,7,'2026-01-12 17:22:58','2026-01-13 03:53:32',356),(10984,3,254,8,'2026-01-12 17:22:58','2026-01-13 03:49:41',333),(10995,3,269,6,'2026-01-12 17:22:58','2026-01-13 03:53:32',356),(11025,3,251,8,'2026-01-12 17:22:58','2026-01-12 18:09:16',281),(11034,3,254,8,'2026-01-12 17:22:58','2026-01-13 03:55:12',366),(11066,3,254,8,'2026-01-12 17:22:59','2026-01-13 03:39:40',273),(11078,3,251,6,'2026-01-12 17:22:59','2026-01-13 03:39:40',273),(11118,3,254,8,'2026-01-12 17:22:59','2026-01-12 18:06:48',264),(11121,3,319,6,'2026-01-12 17:22:59','2026-01-13 03:50:31',338),(11122,3,254,5,'2026-01-12 17:22:59','2026-01-12 18:06:48',264),(11137,3,319,7,'2026-01-12 17:22:59','2026-01-13 03:50:31',338),(11150,3,319,6,'2026-01-12 17:23:00','2026-01-13 03:42:50',292),(11153,3,257,6,'2026-01-12 17:23:00','2026-01-13 03:38:32',264),(11165,3,254,8,'2026-01-12 17:23:00','2026-01-13 03:38:00',263),(11175,3,254,8,'2026-01-12 17:23:00','2026-01-12 18:06:48',264),(11177,3,319,6,'2026-01-12 17:23:00','2026-01-12 18:06:48',264),(11182,3,269,8,'2026-01-12 17:23:00','2026-01-13 03:51:21',343),(11190,3,309,7,'2026-01-12 17:23:00','2026-01-13 03:47:28',319),(11196,3,251,7,'2026-01-12 17:23:00','2026-01-13 03:46:52',316),(11201,3,257,8,'2026-01-12 17:23:00','2026-01-13 03:47:28',319),(11224,3,309,9,'2026-01-12 17:23:00','2026-01-13 03:48:13',324),(11242,3,269,6,'2026-01-12 17:23:00','2026-01-13 03:37:30',257),(11247,3,269,5,'2026-01-12 17:23:00','2026-01-12 18:06:48',264),(11248,3,269,5,'2026-01-12 17:23:00','2026-01-12 18:06:48',264),(11255,3,257,6,'2026-01-12 17:23:00','2026-01-12 18:06:48',264),(11257,3,257,6,'2026-01-12 17:23:00','2026-01-13 03:38:32',264),(11268,3,254,6,'2026-01-12 17:23:01','2026-01-13 03:51:12',342),(11269,3,254,5,'2026-01-12 17:23:01','2026-01-12 18:09:16',281),(11271,3,264,5,'2026-01-12 17:23:01','2026-01-12 18:09:16',281),(11304,4,378,NULL,'2026-01-21 16:55:01','2026-01-22 03:00:28',375),(11306,4,378,6,'2026-01-21 16:55:01','2026-01-22 03:05:57',410),(11316,4,378,6,'2026-01-21 16:55:01','2026-01-22 03:01:38',384),(11327,4,378,8,'2026-01-21 16:55:01','2026-01-22 03:01:56',386),(11338,4,375,8,'2026-01-21 16:55:01','2026-01-22 03:02:07',387),(11353,4,388,6,'2026-01-21 16:55:01','2026-01-21 16:59:34',376),(11357,4,381,6,'2026-01-21 16:55:02','2026-01-22 03:02:37',390),(11378,4,381,NULL,'2026-01-21 16:55:02','2026-01-22 03:00:47',378),(11382,4,381,NULL,'2026-01-21 16:55:02','2026-01-22 03:00:28',375),(11394,4,381,NULL,'2026-01-21 16:55:02','2026-01-22 03:00:47',378),(11401,4,378,NULL,'2026-01-21 16:55:02','2026-01-22 03:00:28',375),(11403,4,376,NULL,'2026-01-21 16:55:02','2026-01-22 03:00:28',375),(11434,4,375,7,'2026-01-21 16:55:02','2026-01-22 03:03:47',397),(11507,4,378,8,'2026-01-21 16:55:03','2026-01-21 16:59:34',376),(11515,4,381,8,'2026-01-21 16:55:03','2026-01-22 03:00:56',376),(11516,4,381,8,'2026-01-21 16:55:03','2026-01-22 03:00:56',376),(11518,4,381,6,'2026-01-21 16:55:03','2026-01-21 16:59:34',376),(11523,4,388,6,'2026-01-21 16:55:04','2026-01-22 03:00:56',376),(11527,4,381,7,'2026-01-21 16:55:04','2026-01-22 03:00:56',376),(11529,4,378,8,'2026-01-21 16:55:04','2026-01-22 03:06:07',411),(11536,4,381,7,'2026-01-21 16:55:04','2026-01-22 03:00:56',376),(11550,4,378,8,'2026-01-21 16:55:04','2026-01-22 03:00:56',376),(11568,4,381,6,'2026-01-21 16:55:04','2026-01-21 16:59:34',376),(11574,4,375,8,'2026-01-21 16:55:04','2026-01-22 03:00:56',376),(11580,4,381,6,'2026-01-21 16:55:04','2026-01-21 16:59:34',376),(11582,4,381,6,'2026-01-21 16:55:04','2026-01-21 16:59:34',376),(11586,4,375,8,'2026-01-21 16:55:04','2026-01-22 03:00:56',376),(11593,4,375,7,'2026-01-21 16:55:04','2026-01-22 03:00:56',376),(11602,4,388,8,'2026-01-21 16:55:04','2026-01-22 03:00:56',376),(11609,4,377,6,'2026-01-21 16:55:05','2026-01-22 03:03:22',393),(11611,4,391,6,'2026-01-21 16:55:05','2026-01-22 03:03:22',393),(11613,4,391,6,'2026-01-21 16:55:05','2026-01-22 03:03:22',393),(11618,4,377,6,'2026-01-21 16:55:05','2026-01-21 17:02:02',393),(11620,4,391,6,'2026-01-21 16:55:05','2026-01-21 17:02:02',393),(11621,4,381,6,'2026-01-21 16:55:05','2026-01-22 03:03:22',393),(11622,4,381,6,'2026-01-21 16:55:05','2026-01-22 03:03:22',393),(11624,4,391,6,'2026-01-21 16:55:05','2026-01-22 03:03:22',393),(11625,4,381,6,'2026-01-21 16:55:05','2026-01-22 03:03:22',393),(11626,4,381,6,'2026-01-21 16:55:05','2026-01-22 03:03:22',393),(11627,4,398,6,'2026-01-21 16:55:05','2026-01-22 03:03:22',393),(11635,4,378,4,'2026-01-21 16:55:05','2026-01-22 03:16:19',472),(11644,4,378,8,'2026-01-21 16:55:05','2026-01-22 03:05:32',406),(11645,4,376,6,'2026-01-21 16:55:05','2026-01-22 03:03:22',393),(11656,4,381,7,'2026-01-21 16:55:05','2026-01-22 03:00:56',376),(11670,4,375,7,'2026-01-21 16:55:05','2026-01-22 03:00:56',376),(11671,4,375,7,'2026-01-21 16:55:05','2026-01-22 03:00:56',376),(11672,4,377,7,'2026-01-21 16:55:05','2026-01-22 03:00:56',376),(11675,4,377,7,'2026-01-21 16:55:05','2026-01-22 03:00:56',376),(11677,4,377,7,'2026-01-21 16:55:05','2026-01-22 03:00:56',376),(11695,4,375,8,'2026-01-21 16:55:06','2026-01-22 03:04:08',399),(11712,4,377,7,'2026-01-21 16:55:06','2026-01-22 03:00:56',376),(11725,4,381,7,'2026-01-21 16:55:06','2026-01-22 03:00:56',376),(11726,4,378,8,'2026-01-21 16:55:06','2026-01-22 03:00:56',376),(11731,4,381,7,'2026-01-21 16:55:06','2026-01-22 03:00:56',376),(11740,4,376,NULL,'2026-01-21 16:55:06','2026-01-21 16:59:09',375),(11748,4,381,6,'2026-01-21 16:55:06','2026-01-21 16:59:34',376),(11751,4,375,7,'2026-01-21 16:55:06','2026-01-22 03:00:56',376),(11761,4,375,6,'2026-01-21 16:55:06','2026-01-21 16:59:34',376),(11764,4,392,7,'2026-01-21 16:55:06','2026-01-22 03:00:56',376),(11766,4,392,7,'2026-01-21 16:55:06','2026-01-22 03:00:56',376),(11770,4,378,8,'2026-01-21 16:55:06','2026-01-22 03:00:56',376),(11772,4,376,NULL,'2026-01-21 16:55:06','2026-01-21 16:59:09',375),(11790,4,381,7,'2026-01-21 16:55:07','2026-01-22 03:05:50',409),(11796,4,381,7,'2026-01-21 16:55:07','2026-01-22 03:00:56',376),(11798,4,381,NULL,'2026-01-21 16:55:07','2026-01-21 17:11:37',452),(11831,4,378,8,'2026-01-21 16:55:07','2026-01-22 03:00:56',376),(11835,4,405,8,'2026-01-21 16:55:07','2026-01-22 03:04:18',400),(11884,4,381,6,'2026-01-21 16:55:08','2026-01-22 03:03:22',393),(11887,4,375,7,'2026-01-21 16:55:08','2026-01-22 03:00:56',376),(11889,4,377,7,'2026-01-21 16:55:08','2026-01-22 03:00:56',376),(11890,4,381,7,'2026-01-21 16:55:08','2026-01-22 03:00:56',376),(11891,4,381,7,'2026-01-21 16:55:08','2026-01-22 03:00:56',376),(11893,4,381,7,'2026-01-21 16:55:08','2026-01-22 03:00:56',376),(11895,4,381,7,'2026-01-21 16:55:08','2026-01-22 03:00:56',376),(11901,4,378,8,'2026-01-21 16:55:08','2026-01-22 03:05:32',406),(11905,4,406,6,'2026-01-21 16:55:08','2026-01-21 17:02:02',393),(11909,4,378,8,'2026-01-21 16:55:08','2026-01-22 03:04:08',399),(11941,4,378,8,'2026-01-21 16:55:09','2026-01-22 03:00:56',376),(11942,4,376,6,'2026-01-21 16:55:09','2026-01-22 03:03:22',393),(11945,4,381,8,'2026-01-21 16:55:09','2026-01-22 03:00:56',376),(11968,4,381,7,'2026-01-21 16:55:09','2026-01-22 03:00:56',376),(11969,4,381,7,'2026-01-21 16:55:09','2026-01-22 03:00:56',376),(11977,4,375,7,'2026-01-21 16:55:09','2026-01-22 03:00:56',376),(11980,4,375,7,'2026-01-21 16:55:09','2026-01-22 03:00:56',376),(11981,4,378,7,'2026-01-21 16:55:09','2026-01-21 17:03:36',404),(11982,4,378,7,'2026-01-21 16:55:09','2026-01-22 03:00:56',376),(11990,4,381,7,'2026-01-21 16:55:09','2026-01-22 03:00:56',376),(11994,4,378,8,'2026-01-21 16:55:09','2026-01-22 03:00:56',376),(11995,4,381,6,'2026-01-21 16:55:09','2026-01-21 16:59:34',376),(12007,4,375,7,'2026-01-21 16:55:10','2026-01-22 03:00:56',376),(12019,4,375,7,'2026-01-21 16:55:10','2026-01-22 03:07:17',418),(12024,4,378,8,'2026-01-21 16:55:10','2026-01-22 03:00:56',376),(12027,4,417,7,'2026-01-21 16:55:10','2026-01-22 03:00:56',376),(12031,4,376,6,'2026-01-21 16:55:10','2026-01-21 17:06:05',419),(12036,4,381,7,'2026-01-21 16:55:10','2026-01-22 03:07:39',420),(12038,4,378,8,'2026-01-21 16:55:10','2026-01-22 03:07:11',417),(12047,4,378,6,'2026-01-21 16:55:10','2026-01-21 17:02:02',393),(12056,4,378,6,'2026-01-21 16:55:10','2026-01-21 17:06:05',419),(12059,4,381,7,'2026-01-21 16:55:10','2026-01-22 03:00:56',376),(12060,4,381,7,'2026-01-21 16:55:10','2026-01-22 03:00:56',376),(12064,4,381,7,'2026-01-21 16:55:10','2026-01-22 03:00:56',376),(12070,4,375,6,'2026-01-21 16:55:10','2026-01-22 03:07:48',421),(12073,4,375,7,'2026-01-21 16:55:10','2026-01-22 03:04:59',404),(12074,4,375,8,'2026-01-21 16:55:10','2026-01-22 03:07:57',422),(12076,4,375,6,'2026-01-21 16:55:10','2026-01-22 03:07:48',421),(12097,4,381,8,'2026-01-21 16:55:11','2026-01-22 03:00:56',376),(12109,4,376,6,'2026-01-21 16:55:11','2026-01-22 03:06:20',412),(12110,4,378,8,'2026-01-21 16:55:11','2026-01-22 03:00:56',376),(12112,4,375,6,'2026-01-21 16:55:11','2026-01-22 03:03:29',395),(12118,4,375,5,'2026-01-21 16:55:11','2026-01-22 03:03:29',395),(12119,4,375,6,'2026-01-21 16:55:11','2026-01-22 03:03:29',395),(12122,4,376,4,'2026-01-21 16:55:11','2026-01-22 03:06:20',412),(12127,4,376,6,'2026-01-21 16:55:11','2026-01-22 03:07:57',422),(12135,4,391,7,'2026-01-21 16:55:11','2026-01-22 03:00:56',376),(12145,4,376,6,'2026-01-21 16:55:11','2026-01-21 17:02:02',393),(12146,4,378,6,'2026-01-21 16:55:11','2026-01-21 17:02:02',393),(12151,4,425,3,'2026-01-21 16:55:11','2026-01-22 03:01:38',384),(12153,4,378,8,'2026-01-21 16:55:11','2026-01-22 03:00:56',376),(12160,4,375,6,'2026-01-21 16:55:12','2026-01-21 17:02:02',393),(12162,4,378,7,'2026-01-21 16:55:12','2026-01-22 03:00:56',376),(12170,4,378,7,'2026-01-21 16:55:12','2026-01-22 03:00:56',376),(12172,4,378,7,'2026-01-21 16:55:12','2026-01-22 03:00:56',376),(12174,4,381,7,'2026-01-21 16:55:12','2026-01-22 03:00:56',376),(12177,4,375,7,'2026-01-21 16:55:12','2026-01-22 03:00:56',376),(12190,4,378,6,'2026-01-21 16:55:12','2026-01-21 17:02:02',393),(12193,4,381,7,'2026-01-21 16:55:12','2026-01-22 03:00:56',376),(12194,4,381,7,'2026-01-21 16:55:12','2026-01-22 03:00:56',376),(12207,4,376,6,'2026-01-21 16:55:12','2026-01-21 17:02:02',393),(12214,4,377,6,'2026-01-21 16:55:12','2026-01-21 17:02:02',393),(12219,4,377,6,'2026-01-21 16:55:12','2026-01-21 17:02:02',393),(12221,4,375,7,'2026-01-21 16:55:12','2026-01-22 03:00:56',376),(12232,4,378,8,'2026-01-21 16:55:12','2026-01-22 03:00:56',376),(12237,4,378,7,'2026-01-21 16:55:12','2026-01-22 03:00:56',376),(12241,4,378,8,'2026-01-21 16:55:12','2026-01-22 03:00:56',376),(12243,4,378,7,'2026-01-21 16:55:13','2026-01-22 03:00:56',376),(12250,4,381,NULL,'2026-01-21 16:55:13','2026-01-22 03:12:59',452),(12252,4,375,7,'2026-01-21 16:55:13','2026-01-22 03:00:56',376),(12254,4,378,7,'2026-01-21 16:55:13','2026-01-22 03:00:56',376),(12257,4,375,6,'2026-01-21 16:55:13','2026-01-21 16:59:34',376),(12266,4,375,7,'2026-01-21 16:55:13','2026-01-22 03:00:56',376),(12267,4,378,8,'2026-01-21 16:55:13','2026-01-22 03:00:56',376),(12271,4,378,7,'2026-01-21 16:55:13','2026-01-22 03:00:56',376),(12273,4,378,7,'2026-01-21 16:55:13','2026-01-22 03:00:56',376),(12277,4,378,7,'2026-01-21 16:55:13','2026-01-22 03:00:56',376),(12283,4,381,NULL,'2026-01-21 16:55:13','2026-01-22 03:12:59',452),(12286,4,381,7,'2026-01-21 16:55:13','2026-01-22 03:00:56',376),(12287,4,381,7,'2026-01-21 16:55:13','2026-01-22 03:00:56',376),(12291,4,375,7,'2026-01-21 16:55:13','2026-01-22 03:00:56',376),(12304,4,378,8,'2026-01-21 16:55:13','2026-01-22 03:00:56',376),(12330,4,381,6,'2026-01-21 16:55:14','2026-01-22 03:09:17',430),(12344,4,381,6,'2026-01-21 16:55:14','2026-01-22 03:02:49',391),(12355,4,417,4,'2026-01-21 16:55:14','2026-01-22 03:16:19',472),(12356,4,381,7,'2026-01-21 16:55:14','2026-01-22 03:00:56',376),(12357,4,381,7,'2026-01-21 16:55:14','2026-01-22 03:00:56',376),(12359,4,378,8,'2026-01-21 16:55:14','2026-01-22 03:07:11',417),(12364,4,381,7,'2026-01-21 16:55:14','2026-01-22 03:00:56',376),(12365,4,377,8,'2026-01-21 16:55:14','2026-01-22 03:00:56',376),(12366,4,381,7,'2026-01-21 16:55:14','2026-01-22 03:00:56',376),(12368,4,378,7,'2026-01-21 16:55:14','2026-01-22 03:00:56',376),(12372,4,375,6,'2026-01-21 16:55:14','2026-01-21 17:02:02',393),(12405,4,381,7,'2026-01-21 16:55:15','2026-01-22 03:00:56',376),(12448,4,381,7,'2026-01-21 16:55:15','2026-01-22 03:00:56',376),(12451,4,378,8,'2026-01-21 16:55:15','2026-01-22 03:00:56',376),(12456,4,381,8,'2026-01-21 16:55:15','2026-01-22 03:00:56',376),(12457,4,381,8,'2026-01-21 16:55:15','2026-01-22 03:00:56',376),(12480,4,381,7,'2026-01-21 16:55:15','2026-01-22 03:00:56',376),(12482,4,381,7,'2026-01-21 16:55:15','2026-01-22 03:00:56',376),(12483,4,381,7,'2026-01-21 16:55:15','2026-01-22 03:00:56',376),(12484,4,381,7,'2026-01-21 16:55:15','2026-01-22 03:00:56',376),(12573,4,381,7,'2026-01-21 16:55:16','2026-01-22 03:00:56',376),(12574,4,378,8,'2026-01-21 16:55:16','2026-01-22 03:05:32',406),(12577,4,378,7,'2026-01-21 16:55:16','2026-01-22 03:00:56',376),(12578,4,378,8,'2026-01-21 16:55:17','2026-01-22 03:00:56',376),(12587,4,388,7,'2026-01-21 16:55:17','2026-01-22 03:00:56',376),(12593,4,376,6,'2026-01-21 16:55:17','2026-01-22 03:16:19',472),(12714,4,375,5,'2026-01-21 16:55:18','2026-01-22 03:09:29',431),(12724,4,378,8,'2026-01-21 16:55:18','2026-01-22 03:10:59',440),(12729,4,378,8,'2026-01-21 16:55:18','2026-01-22 03:11:08',441),(12779,4,381,NULL,'2026-01-21 16:55:19','2026-01-22 03:10:05',433),(12809,4,388,7,'2026-01-21 16:55:19','2026-01-22 03:07:11',417),(12837,4,433,6,'2026-01-21 16:55:19','2026-01-22 03:07:11',417),(12851,4,376,NULL,'2026-01-21 16:55:20','2026-01-21 17:05:50',417),(12854,4,433,NULL,'2026-01-21 16:55:20','2026-01-21 17:05:50',417),(12856,4,433,7,'2026-01-21 16:55:20','2026-01-22 03:07:11',417),(12885,4,433,6,'2026-01-21 16:55:20','2026-01-22 03:07:11',417),(12914,4,375,NULL,'2026-01-21 16:55:20','2026-01-22 03:10:05',433),(12920,4,378,8,'2026-01-21 16:55:20','2026-01-22 03:08:58',428),(12976,4,375,7,'2026-01-21 16:55:21','2026-01-22 03:09:29',431),(12979,4,377,8,'2026-01-21 16:55:21','2026-01-22 03:09:29',431),(12985,4,433,7,'2026-01-21 16:55:21','2026-01-22 03:09:29',431),(12988,4,433,6,'2026-01-21 16:55:21','2026-01-22 03:09:29',431),(13004,4,378,8,'2026-01-21 16:55:21','2026-01-22 03:05:32',406),(13010,4,378,6,'2026-01-21 16:55:21','2026-01-21 17:02:02',393),(13014,4,433,8,'2026-01-21 16:55:21','2026-01-22 03:10:59',440),(13021,4,378,8,'2026-01-21 16:55:21','2026-01-22 03:03:37',396),(13042,4,433,6,'2026-01-21 16:55:22','2026-01-22 03:09:29',431),(13043,4,378,8,'2026-01-21 16:55:22','2026-01-22 03:05:32',406),(13053,4,378,6,'2026-01-21 16:55:22','2026-01-22 03:14:29',461),(13058,4,375,6,'2026-01-21 16:55:22','2026-01-22 03:09:17',430),(13088,4,375,4,'2026-01-21 16:55:22','2026-01-22 03:08:48',427),(13101,4,381,NULL,'2026-01-21 16:55:22','2026-01-22 03:12:59',452),(13103,4,375,NULL,'2026-01-21 16:55:22','2026-01-22 03:12:59',452),(13105,4,378,8,'2026-01-21 16:55:22','2026-01-22 03:13:19',454),(13125,4,417,7,'2026-01-21 16:55:22','2026-01-22 03:13:09',453),(13161,4,433,4,'2026-01-21 16:55:23','2026-01-22 03:09:29',431),(13241,4,375,7,'2026-01-21 16:55:24','2026-01-22 03:06:20',412),(13243,4,455,7,'2026-01-21 16:55:24','2026-01-22 03:14:09',459),(13247,4,378,8,'2026-01-21 16:55:24','2026-01-22 03:03:37',396),(13250,4,417,7,'2026-01-21 16:55:24','2026-01-22 03:14:19',460),(13259,4,375,7,'2026-01-21 16:55:24','2026-01-22 03:03:29',395),(13265,4,417,7,'2026-01-21 16:55:24','2026-01-22 03:14:19',460),(13271,4,378,NULL,'2026-01-21 16:55:24','2026-01-21 17:11:48',453),(13275,4,375,6,'2026-01-21 16:55:24','2026-01-22 03:03:29',395),(13276,4,375,6,'2026-01-21 16:55:24','2026-01-22 03:06:20',412),(13278,4,375,5,'2026-01-21 16:55:24','2026-01-22 03:03:29',395),(13283,4,375,6,'2026-01-21 16:55:24','2026-01-21 17:02:02',393),(13285,4,378,6,'2026-01-21 16:55:24','2026-01-21 17:02:02',393),(13318,4,378,6,'2026-01-21 16:55:25','2026-01-21 17:02:02',393),(13319,4,393,7,'2026-01-21 16:55:25','2026-01-22 03:14:48',463),(13321,4,393,6,'2026-01-21 16:55:25','2026-01-22 03:14:48',463),(13324,4,375,7,'2026-01-21 16:55:25','2026-01-22 03:14:59',464),(13325,4,375,6,'2026-01-21 16:55:25','2026-01-21 17:13:16',462),(13327,4,455,6,'2026-01-21 16:55:25','2026-01-21 17:02:02',393),(13328,4,433,NULL,'2026-01-21 16:55:25','2026-01-22 03:12:51',451),(13330,4,378,6,'2026-01-21 16:55:25','2026-01-21 17:02:02',393),(13337,4,377,NULL,'2026-01-21 16:55:25','2026-01-22 03:12:51',451),(13355,4,406,6,'2026-01-21 16:55:25','2026-01-22 03:04:37',402),(13356,4,378,8,'2026-01-21 16:55:25','2026-01-22 03:05:32',406),(13373,4,375,8,'2026-01-21 16:55:25','2026-01-22 03:14:29',461),(13377,4,378,8,'2026-01-21 16:55:25','2026-01-22 03:14:29',461),(13381,4,378,8,'2026-01-21 16:55:25','2026-01-21 17:03:36',404),(13386,4,378,8,'2026-01-21 16:55:25','2026-01-22 03:13:31',455),(13388,4,375,7,'2026-01-21 16:55:25','2026-01-21 17:04:27',409),(13392,4,375,6,'2026-01-21 16:55:25','2026-01-21 17:02:02',393),(13393,4,375,7,'2026-01-21 16:55:25','2026-01-22 03:10:59',440),(13398,4,375,8,'2026-01-21 16:55:25','2026-01-22 03:12:51',451),(13399,4,375,7,'2026-01-21 16:55:25','2026-01-22 03:14:29',461),(13402,4,378,8,'2026-01-21 16:55:25','2026-01-22 03:13:31',455),(13414,4,378,8,'2026-01-21 16:55:25','2026-01-22 03:13:31',455),(13422,4,378,7,'2026-01-21 16:55:26','2026-01-22 03:08:10',423),(13453,4,377,8,'2026-01-21 16:55:26','2026-01-22 03:12:51',451),(13465,4,378,6,'2026-01-21 16:55:26','2026-01-21 17:02:02',393),(13473,4,388,6,'2026-01-21 16:55:26','2026-01-21 17:02:02',393),(13480,4,375,6,'2026-01-21 16:55:26','2026-01-22 03:15:58',470),(13482,4,378,8,'2026-01-21 16:55:26','2026-01-22 03:14:29',461),(13495,4,375,4,'2026-01-21 16:55:26','2026-01-22 03:15:19',466),(13508,4,375,7,'2026-01-21 16:55:26','2026-01-22 03:05:50',409),(13514,4,443,7,'2026-01-21 16:55:27','2026-01-22 03:00:56',376),(13515,4,465,7,'2026-01-21 16:55:27','2026-01-22 03:00:56',376),(13526,4,376,9,'2026-01-21 16:55:27','2026-01-22 03:13:19',454),(13527,4,376,6,'2026-01-21 16:55:27','2026-01-21 17:02:02',393),(13530,4,378,8,'2026-01-21 16:55:27','2026-01-22 03:13:31',455),(13554,4,378,8,'2026-01-21 16:55:27','2026-01-22 03:13:31',455),(13574,4,378,8,'2026-01-21 16:55:27','2026-01-22 03:04:37',402),(13586,4,378,8,'2026-01-21 16:55:27','2026-01-22 03:13:19',454),(13607,4,375,7,'2026-01-21 16:55:28','2026-01-22 03:14:19',460),(13610,4,375,8,'2026-01-21 16:55:28','2026-01-22 03:14:19',460),(13620,4,388,8,'2026-01-21 16:55:28','2026-01-22 03:13:31',455),(13625,4,378,8,'2026-01-21 16:55:28','2026-01-22 03:13:19',454),(13626,4,375,6,'2026-01-21 16:55:28','2026-01-21 17:02:02',393),(13637,4,393,6,'2026-01-21 16:55:28','2026-01-22 03:10:28',437),(13638,4,378,8,'2026-01-21 16:55:28','2026-01-22 03:00:56',376),(13658,4,375,7,'2026-01-21 16:55:28','2026-01-21 17:11:29',451),(13686,4,378,NULL,'2026-01-21 16:55:28','2026-01-21 17:11:29',451),(13688,4,378,NULL,'2026-01-21 16:55:28','2026-01-21 17:11:29',451),(13698,4,375,NULL,'2026-01-21 16:55:28','2026-01-22 03:12:51',451),(13705,4,378,8,'2026-01-21 16:55:28','2026-01-22 03:13:31',455),(13706,4,378,6,'2026-01-21 16:55:28','2026-01-21 17:02:02',393),(13726,4,378,8,'2026-01-21 16:55:29','2026-01-22 03:13:31',455),(13731,4,378,8,'2026-01-21 16:55:29','2026-01-22 03:13:31',455),(13732,4,378,8,'2026-01-21 16:55:29','2026-01-22 03:16:49',475),(13772,4,375,4,'2026-01-21 16:55:29','2026-01-22 03:05:32',406),(13783,4,375,7,'2026-01-21 16:55:29','2026-01-22 03:04:59',404),(13804,4,376,4,'2026-01-21 16:55:29','2026-01-22 03:10:28',437),(13854,4,388,6,'2026-01-21 16:55:30','2026-01-22 03:10:28',437),(13862,4,375,7,'2026-01-21 16:55:30','2026-01-22 03:05:50',409),(13900,4,375,6,'2026-01-21 16:55:30','2026-01-21 17:02:02',393),(13901,4,375,6,'2026-01-21 16:55:30','2026-01-22 03:04:59',404),(13926,4,378,8,'2026-01-21 16:55:31','2026-01-22 03:13:31',455),(13927,4,375,6,'2026-01-21 16:55:31','2026-01-22 03:16:19',472),(13938,4,375,8,'2026-01-21 16:55:31','2026-01-21 17:07:44',429),(13939,4,375,7,'2026-01-21 16:55:31','2026-01-22 03:07:48',421),(13952,4,388,NULL,'2026-01-21 16:55:31','2026-01-22 03:01:27',381),(13954,4,378,8,'2026-01-21 16:55:31','2026-01-22 03:13:31',455),(13967,4,378,8,'2026-01-21 16:55:31','2026-01-22 03:05:32',406),(13976,4,388,9,'2026-01-21 16:55:31','2026-01-21 17:00:15',384),(14013,4,388,NULL,'2026-01-21 16:55:32','2026-01-21 17:00:06',381),(14014,4,381,NULL,'2026-01-21 16:55:32','2026-01-21 17:01:14',388),(14052,4,378,6,'2026-01-21 16:55:32','2026-01-22 03:03:29',395),(14066,4,378,8,'2026-01-21 16:55:32','2026-01-22 03:17:28',479),(14082,4,375,6,'2026-01-21 16:55:32','2026-01-22 03:12:07',447),(14086,4,375,6,'2026-01-21 16:55:32','2026-01-22 03:12:07',447),(14088,4,375,7,'2026-01-21 16:55:32','2026-01-22 03:12:07',447),(14102,4,375,NULL,'2026-01-21 16:55:32','2026-01-21 17:04:08',406),(14107,4,378,8,'2026-01-21 16:55:32','2026-01-22 03:12:37',450),(14160,4,375,6,'2026-01-21 16:55:33','2026-01-21 17:06:05',419),(14187,4,375,NULL,'2026-01-21 16:55:33','2026-01-22 03:05:32',406),(14212,4,378,4,'2026-01-21 16:55:34','2026-01-22 03:16:49',475),(14222,4,375,8,'2026-01-21 16:55:34','2026-01-22 03:05:32',406),(14223,4,375,7,'2026-01-21 16:55:34','2026-01-22 03:08:10',423),(14268,4,375,NULL,'2026-01-21 16:55:34','2026-01-22 03:05:32',406),(14281,4,375,6,'2026-01-21 16:55:34','2026-01-22 03:13:09',453),(14283,4,375,NULL,'2026-01-21 16:55:34','2026-01-22 03:05:32',406),(14292,4,388,8,'2026-01-21 16:55:34','2026-01-22 03:08:58',428),(14320,4,375,8,'2026-01-21 16:55:34','2026-01-22 03:03:37',396),(14321,4,375,4,'2026-01-21 16:55:34','2026-01-22 03:03:29',395),(14327,4,388,8,'2026-01-21 16:55:35','2026-01-22 03:08:58',428),(14328,4,375,6,'2026-01-21 16:55:35','2026-01-22 03:03:29',395),(14337,4,375,6,'2026-01-21 16:55:35','2026-01-22 03:13:09',453),(14338,4,375,NULL,'2026-01-21 16:55:35','2026-01-21 17:11:48',453),(14339,4,375,6,'2026-01-21 16:55:35','2026-01-22 03:14:19',460),(14366,4,375,7,'2026-01-21 16:55:35','2026-01-22 03:13:09',453),(14370,4,375,6,'2026-01-21 16:55:35','2026-01-22 03:13:09',453),(14387,4,375,8,'2026-01-21 16:55:35','2026-01-22 03:14:09',459),(14439,4,375,6,'2026-01-21 16:55:36','2026-01-22 03:11:57',446),(14482,4,378,4,'2026-01-21 16:55:36','2026-01-22 03:05:32',406),(14483,4,378,6,'2026-01-21 16:55:36','2026-01-21 17:02:02',393),(14484,4,378,8,'2026-01-21 16:55:36','2026-01-22 03:05:57',410),(14502,4,375,4,'2026-01-21 16:55:36','2026-01-21 17:04:08',406),(14527,4,378,8,'2026-01-21 16:55:37','2026-01-22 03:05:57',410),(14556,4,378,8,'2026-01-21 16:55:37','2026-01-22 03:16:49',475),(14560,4,378,6,'2026-01-21 16:55:37','2026-01-22 03:11:57',446),(14588,4,381,6,'2026-01-21 16:55:37','2026-01-22 03:03:22',393),(14600,4,378,8,'2026-01-21 16:55:37','2026-01-22 03:05:32',406),(14601,4,378,6,'2026-01-21 16:55:37','2026-01-22 03:03:22',393),(14602,4,388,6,'2026-01-21 16:55:37','2026-01-22 03:03:22',393),(14604,4,378,8,'2026-01-21 16:55:37','2026-01-22 03:04:08',399),(14608,4,388,6,'2026-01-21 16:55:38','2026-01-22 03:03:22',393),(14612,4,378,NULL,'2026-01-21 16:55:38','2026-01-21 17:04:08',406),(14621,4,375,8,'2026-01-21 16:55:38','2026-01-22 03:07:17',418),(14634,4,378,8,'2026-01-21 16:55:38','2026-01-21 17:04:08',406),(14642,4,375,NULL,'2026-01-21 16:55:38','2026-01-22 03:17:39',480),(14653,4,378,8,'2026-01-21 16:55:38','2026-01-22 03:03:37',396),(14666,4,388,9,'2026-01-21 16:55:38','2026-01-22 03:17:39',480),(14687,4,375,7,'2026-01-21 16:55:38','2026-01-22 03:14:59',464),(14705,4,378,NULL,'2026-01-21 16:55:39','2026-01-21 17:04:08',406),(14727,4,375,NULL,'2026-01-21 16:55:39','2026-01-21 17:04:08',406),(14739,4,378,6,'2026-01-21 16:55:39','2026-01-22 03:11:08',441),(14774,4,378,8,'2026-01-21 16:55:39','2026-01-22 03:05:32',406),(14784,4,375,7,'2026-01-21 16:55:39','2026-01-22 03:04:18',400),(14808,4,378,6,'2026-01-21 16:55:40','2026-01-21 17:02:02',393),(14819,4,392,6,'2026-01-21 16:55:40','2026-01-22 03:03:22',393),(14834,4,480,6,'2026-01-21 16:55:40','2026-01-21 17:02:02',393),(14853,4,388,6,'2026-01-21 16:55:40','2026-01-22 03:03:22',393),(14854,4,378,6,'2026-01-21 16:55:40','2026-01-21 17:02:02',393),(14861,4,403,8,'2026-01-21 16:55:40','2026-01-22 03:09:59',434),(14863,4,405,9,'2026-01-21 16:55:40','2026-01-21 17:00:06',381),(14866,4,378,6,'2026-01-21 16:55:40','2026-01-21 17:02:02',393),(14872,4,392,6,'2026-01-21 16:55:40','2026-01-22 03:03:22',393),(14874,4,393,NULL,'2026-01-21 16:55:40','2026-01-22 03:17:39',480),(14878,4,378,8,'2026-01-21 16:55:40','2026-01-22 03:12:51',451),(14887,4,398,7,'2026-01-21 16:55:40','2026-01-22 03:15:58',470),(14926,4,388,7,'2026-01-21 16:55:41','2026-01-22 03:09:59',434),(14932,4,388,7,'2026-01-21 16:55:41','2026-01-22 03:09:59',434),(15056,4,378,8,'2026-01-21 16:55:42','2026-01-22 03:06:07',411),(15057,4,393,8,'2026-01-21 16:55:42','2026-01-22 03:12:59',452),(15059,4,392,8,'2026-01-21 16:55:42','2026-01-22 03:12:59',452),(15075,4,443,7,'2026-01-21 16:55:42','2026-01-22 03:08:10',423),(15099,4,443,7,'2026-01-21 16:55:42','2026-01-22 03:08:10',423),(15108,4,443,8,'2026-01-21 16:55:42','2026-01-22 03:08:10',423),(15124,4,443,6,'2026-01-21 16:55:43','2026-01-22 03:08:10',423),(15168,4,378,8,'2026-01-21 16:55:43','2026-01-22 03:17:48',481),(15177,4,417,6,'2026-01-21 16:55:43','2026-01-22 03:11:36',443),(15184,4,378,6,'2026-01-21 16:55:43','2026-01-22 03:19:08',489),(15185,4,378,9,'2026-01-21 16:55:43','2026-01-22 03:12:51',451),(15208,4,376,7,'2026-01-21 16:55:44','2026-01-21 17:00:06',381),(15231,4,417,6,'2026-01-21 16:55:44','2026-01-22 03:03:22',393),(15234,4,378,8,'2026-01-21 16:55:44','2026-01-22 03:12:51',451),(15238,4,378,9,'2026-01-21 16:55:44','2026-01-22 03:11:40',444),(15240,4,381,6,'2026-01-21 16:55:44','2026-01-22 03:03:22',393),(15242,4,381,6,'2026-01-21 16:55:44','2026-01-22 03:03:22',393),(15243,4,381,6,'2026-01-21 16:55:44','2026-01-22 03:03:22',393),(15244,4,443,6,'2026-01-21 16:55:44','2026-01-22 03:03:22',393),(15249,4,417,6,'2026-01-21 16:55:44','2026-01-22 03:03:22',393),(15250,4,417,6,'2026-01-21 16:55:44','2026-01-22 03:03:22',393),(15252,4,417,6,'2026-01-21 16:55:44','2026-01-22 03:03:22',393),(15253,4,381,6,'2026-01-21 16:55:44','2026-01-22 03:03:22',393),(15254,4,417,6,'2026-01-21 16:55:44','2026-01-22 03:03:22',393),(15255,4,443,6,'2026-01-21 16:55:44','2026-01-22 03:03:22',393),(15256,4,381,6,'2026-01-21 16:55:44','2026-01-22 03:03:22',393),(15257,4,392,6,'2026-01-21 16:55:44','2026-01-21 17:02:02',393),(15258,4,443,6,'2026-01-21 16:55:44','2026-01-22 03:03:22',393),(15260,4,417,6,'2026-01-21 16:55:44','2026-01-22 03:03:22',393),(15261,4,381,6,'2026-01-21 16:55:44','2026-01-22 03:03:22',393),(15262,4,417,6,'2026-01-21 16:55:44','2026-01-22 03:03:22',393),(15263,4,381,6,'2026-01-21 16:55:44','2026-01-22 03:03:22',393),(15264,4,417,6,'2026-01-21 16:55:44','2026-01-22 03:03:22',393),(15265,4,381,6,'2026-01-21 16:55:44','2026-01-22 03:03:22',393),(15266,4,417,6,'2026-01-21 16:55:44','2026-01-22 03:03:22',393),(15274,4,375,NULL,'2026-01-21 16:55:44','2026-01-21 17:01:14',388),(15275,4,443,6,'2026-01-21 16:55:44','2026-01-22 03:03:22',393),(15290,4,388,6,'2026-01-21 16:55:44','2026-01-22 03:03:22',393),(15291,4,381,6,'2026-01-21 16:55:44','2026-01-22 03:03:22',393),(15292,4,388,6,'2026-01-21 16:55:44','2026-01-22 03:03:22',393),(15293,4,381,6,'2026-01-21 16:55:44','2026-01-22 03:03:22',393),(15294,4,381,6,'2026-01-21 16:55:45','2026-01-22 03:03:22',393),(15299,4,378,8,'2026-01-21 16:55:45','2026-01-22 03:04:59',404),(15320,4,375,7,'2026-01-21 16:55:45','2026-01-21 17:01:14',388),(15350,4,375,7,'2026-01-21 16:55:45','2026-01-21 17:01:14',388),(15353,4,378,8,'2026-01-21 16:55:45','2026-01-22 03:06:28',413),(15357,4,388,8,'2026-01-21 16:55:45','2026-01-22 03:14:38',462),(15360,4,405,8,'2026-01-21 16:55:45','2026-01-21 17:00:06',381),(15400,4,378,8,'2026-01-21 16:55:45','2026-01-21 17:10:13',443),(15427,4,378,8,'2026-01-21 16:55:46','2026-01-21 17:01:14',388),(15428,4,376,8,'2026-01-21 16:55:46','2026-01-21 17:01:14',388),(15430,4,376,6,'2026-01-21 16:55:46','2026-01-21 17:00:06',381),(15452,4,378,8,'2026-01-21 16:55:46','2026-01-21 17:10:13',443),(15453,4,381,NULL,'2026-01-21 16:55:46','2026-01-21 16:59:34',376),(15466,4,378,8,'2026-01-21 16:55:46','2026-01-22 03:13:19',454),(15469,4,378,8,'2026-01-21 16:55:46','2026-01-22 03:13:19',454),(15472,4,378,8,'2026-01-21 16:55:46','2026-01-22 03:06:46',415),(15482,4,378,6,'2026-01-21 16:55:46','2026-01-22 03:19:08',489),(15515,4,381,NULL,'2026-01-21 16:55:47','2026-01-21 16:59:34',376),(15516,4,378,6,'2026-01-21 16:55:47','2026-01-22 03:19:08',489),(15520,4,378,8,'2026-01-21 16:55:47','2026-01-22 03:13:19',454),(15529,4,378,8,'2026-01-21 16:55:47','2026-01-22 03:19:19',490),(15546,4,381,6,'2026-01-21 16:55:47','2026-01-21 17:02:02',393),(15552,4,378,6,'2026-01-21 16:55:47','2026-01-21 17:02:02',393),(15568,4,378,8,'2026-01-21 16:55:47','2026-01-21 17:01:14',388),(15570,4,378,6,'2026-01-21 16:55:47','2026-01-21 17:01:14',388),(15577,4,388,NULL,'2026-01-21 16:55:47','2026-01-22 03:12:51',451),(15585,4,378,8,'2026-01-21 16:55:47','2026-01-22 03:12:21',448),(15672,4,378,8,'2026-01-21 16:55:48','2026-01-21 17:01:14',388),(15675,4,378,8,'2026-01-21 16:55:48','2026-01-22 03:12:21',448),(15691,4,378,8,'2026-01-21 16:55:48','2026-01-22 03:12:21',448),(15696,4,378,8,'2026-01-21 16:55:48','2026-01-22 03:12:21',448),(15718,4,378,8,'2026-01-21 16:55:49','2026-01-22 03:12:21',448),(15732,4,433,6,'2026-01-21 16:55:49','2026-01-22 03:12:21',448),(15734,4,433,6,'2026-01-21 16:55:49','2026-01-22 03:12:21',448),(15738,4,433,6,'2026-01-21 16:55:49','2026-01-22 03:03:22',393),(15753,4,378,8,'2026-01-21 16:55:49','2026-01-21 17:00:06',381),(15778,4,377,6,'2026-01-21 16:55:49','2026-01-22 03:03:22',393),(15781,4,378,6,'2026-01-21 16:55:49','2026-01-22 03:03:22',393),(15788,4,375,6,'2026-01-21 16:55:49','2026-01-22 03:03:22',393),(15793,4,377,6,'2026-01-21 16:55:49','2026-01-22 03:03:22',393),(15795,4,376,6,'2026-01-21 16:55:49','2026-01-21 17:02:02',393),(15798,4,388,6,'2026-01-21 16:55:49','2026-01-21 17:02:02',393),(15799,4,388,6,'2026-01-21 16:55:49','2026-01-21 17:02:02',393),(15847,4,375,6,'2026-01-21 16:55:50','2026-01-22 03:07:39',420),(15853,4,393,8,'2026-01-21 16:55:50','2026-01-22 03:11:36',443),(15876,4,378,8,'2026-01-21 16:55:50','2026-01-22 03:02:49',391),(15893,4,378,8,'2026-01-21 16:55:50','2026-01-22 03:06:07',411),(15903,4,378,6,'2026-01-21 16:55:50','2026-01-22 03:06:07',411),(15910,4,381,6,'2026-01-21 16:55:50','2026-01-22 03:09:17',430),(15916,4,375,6,'2026-01-21 16:55:50','2026-01-22 03:05:50',409),(15929,4,376,8,'2026-01-21 16:55:50','2026-01-21 17:00:06',381),(15930,4,375,6,'2026-01-21 16:55:50','2026-01-22 03:09:17',430),(15979,4,393,7,'2026-01-21 16:55:51','2026-01-22 03:17:39',480),(15992,4,393,6,'2026-01-21 16:55:51','2026-01-22 03:17:39',480),(15997,4,377,6,'2026-01-21 16:55:51','2026-01-22 03:03:22',393),(16031,4,378,8,'2026-01-21 16:55:51','2026-01-22 03:19:19',490),(16036,4,375,7,'2026-01-21 16:55:52','2026-01-22 03:04:59',404),(16059,4,378,7,'2026-01-21 16:55:52','2026-01-22 03:12:21',448),(16062,4,378,7,'2026-01-21 16:55:52','2026-01-22 03:12:21',448),(16063,4,378,8,'2026-01-21 16:55:52','2026-01-22 03:03:47',397),(16067,4,433,7,'2026-01-21 16:55:52','2026-01-22 03:03:22',393),(16075,4,375,6,'2026-01-21 16:55:52','2026-01-22 03:03:47',397),(16078,4,443,NULL,'2026-01-21 16:55:52','2026-01-21 17:02:02',393),(16084,4,377,NULL,'2026-01-21 16:55:52','2026-01-21 17:02:02',393),(16085,4,433,6,'2026-01-21 16:55:52','2026-01-22 03:03:22',393),(16086,4,443,6,'2026-01-21 16:55:52','2026-01-22 03:03:22',393),(16115,4,378,8,'2026-01-21 16:55:52','2026-01-22 03:02:33',388),(16118,4,443,6,'2026-01-21 16:55:52','2026-01-22 03:14:38',462),(16119,4,378,6,'2026-01-21 16:55:52','2026-01-22 03:02:33',388),(16134,4,443,7,'2026-01-21 16:55:52','2026-01-22 03:14:38',462),(16135,4,381,6,'2026-01-21 16:55:52','2026-01-22 03:03:22',393),(16136,4,388,6,'2026-01-21 16:55:52','2026-01-22 03:03:22',393),(16137,4,378,6,'2026-01-21 16:55:52','2026-01-22 03:03:22',393),(16162,4,378,8,'2026-01-21 16:55:53','2026-01-22 03:02:07',387),(16172,4,378,8,'2026-01-21 16:55:53','2026-01-22 03:02:33',388),(16174,4,443,7,'2026-01-21 16:55:53','2026-01-22 03:02:33',388),(16179,4,393,8,'2026-01-21 16:55:53','2026-01-22 03:15:28',467),(16193,4,375,7,'2026-01-21 16:55:53','2026-01-22 03:10:59',440),(16198,4,381,8,'2026-01-21 16:55:53','2026-01-22 03:11:36',443),(16211,4,378,8,'2026-01-21 16:55:53','2026-01-22 03:12:21',448),(16221,4,433,9,'2026-01-21 16:55:53','2026-01-22 03:12:21',448),(16227,4,378,7,'2026-01-21 16:55:53','2026-01-22 03:12:21',448),(16239,4,393,7,'2026-01-21 16:55:53','2026-01-21 17:00:06',381),(16265,4,378,6,'2026-01-21 16:55:54','2026-01-22 03:15:19',466),(16298,5,503,5,'2026-01-22 12:06:05','2026-01-23 03:19:32',499),(16299,5,502,5,'2026-01-22 12:06:05','2026-01-23 03:19:32',499),(16301,5,502,5,'2026-01-22 12:06:05','2026-01-23 03:19:32',499),(16305,5,499,6,'2026-01-22 12:06:05','2026-01-23 03:18:59',504),(16313,5,502,6,'2026-01-22 12:06:05','2026-01-22 12:28:51',508),(16315,5,502,5,'2026-01-22 12:06:05','2026-01-22 12:28:51',508),(16324,5,502,8,'2026-01-22 12:06:05','2026-01-23 03:20:00',510),(16326,5,505,5,'2026-01-22 12:06:05','2026-01-23 03:19:32',499),(16328,5,505,5,'2026-01-22 12:06:05','2026-01-23 03:19:32',499),(16330,5,505,5,'2026-01-22 12:06:05','2026-01-23 03:19:32',499),(16333,5,502,5,'2026-01-22 12:06:05','2026-01-23 03:19:32',499),(16335,5,499,8,'2026-01-22 12:06:05','2026-01-23 03:20:11',511),(16337,5,511,5,'2026-01-22 12:06:05','2026-01-23 03:19:32',499),(16341,5,499,7,'2026-01-22 12:06:06','2026-01-23 03:20:11',511),(16348,5,505,5,'2026-01-22 12:06:06','2026-01-23 03:19:32',499),(16349,5,505,5,'2026-01-22 12:06:06','2026-01-23 03:19:32',499),(16354,5,505,6,'2026-01-22 12:06:06','2026-01-23 03:00:26',514),(16355,5,505,NULL,'2026-01-22 12:06:06','2026-01-23 03:00:26',514),(16363,5,500,5,'2026-01-22 12:06:06','2026-01-23 03:19:32',499),(16364,5,501,5,'2026-01-22 12:06:06','2026-01-23 03:19:32',499),(16366,5,505,5,'2026-01-22 12:06:06','2026-01-23 03:19:32',499),(16369,5,505,5,'2026-01-22 12:06:06','2026-01-23 03:19:32',499),(16371,5,501,5,'2026-01-22 12:06:06','2026-01-23 03:19:32',499),(16375,5,505,NULL,'2026-01-22 12:06:06','2026-01-23 03:18:57',502),(16379,5,505,5,'2026-01-22 12:06:06','2026-01-23 03:19:32',499),(16388,5,502,5,'2026-01-22 12:06:06','2026-01-23 03:19:32',499),(16391,5,505,NULL,'2026-01-22 12:06:06','2026-01-23 03:18:57',502),(16397,5,502,5,'2026-01-22 12:06:06','2026-01-23 03:19:32',499),(16398,5,502,5,'2026-01-22 12:06:06','2026-01-23 03:19:32',499),(16399,5,500,5,'2026-01-22 12:06:06','2026-01-23 03:19:32',499),(16400,5,500,5,'2026-01-22 12:06:06','2026-01-23 03:19:32',499),(16405,5,505,NULL,'2026-01-22 12:06:06','2026-01-22 12:28:00',503),(16406,5,505,NULL,'2026-01-22 12:06:06','2026-01-22 12:28:00',503),(16414,5,519,NULL,'2026-01-22 12:06:07','2026-01-23 03:19:01',503),(16417,5,499,NULL,'2026-01-22 12:06:07','2026-01-23 03:19:01',503),(16421,5,499,NULL,'2026-01-22 12:06:07','2026-01-22 12:28:00',503),(16424,5,517,NULL,'2026-01-22 12:06:07','2026-01-22 12:28:00',503),(16426,5,499,NULL,'2026-01-22 12:06:07','2026-01-23 03:01:49',522),(16431,5,499,7,'2026-01-22 12:06:07','2026-01-23 03:01:38',521),(16436,5,500,NULL,'2026-01-22 12:06:07','2026-01-22 12:28:00',503),(16442,5,505,5,'2026-01-22 12:06:07','2026-01-23 03:19:32',499),(16443,5,505,NULL,'2026-01-22 12:06:07','2026-01-22 12:28:00',503),(16450,5,505,NULL,'2026-01-22 12:06:07','2026-01-23 03:19:01',503),(16451,5,505,5,'2026-01-22 12:06:07','2026-01-23 03:19:32',499),(16456,5,502,NULL,'2026-01-22 12:06:07','2026-01-23 03:19:01',503),(16479,5,499,NULL,'2026-01-22 12:06:07','2026-01-22 12:28:00',503),(16486,5,500,NULL,'2026-01-22 12:06:07','2026-01-23 03:01:38',521),(16490,5,499,6,'2026-01-22 12:06:08','2026-01-23 03:01:38',521),(16497,5,502,5,'2026-01-22 12:06:08','2026-01-23 03:19:32',499),(16503,5,499,NULL,'2026-01-22 12:06:08','2026-01-23 03:01:49',522),(16509,5,500,5,'2026-01-22 12:06:08','2026-01-23 03:19:32',499),(16512,5,505,NULL,'2026-01-22 12:06:08','2026-01-23 03:18:49',500),(16513,5,505,NULL,'2026-01-22 12:06:08','2026-01-23 03:18:49',500),(16515,5,505,NULL,'2026-01-22 12:06:08','2026-01-23 03:18:49',500),(16520,5,512,NULL,'2026-01-22 12:06:08','2026-01-23 03:18:49',500),(16521,5,505,NULL,'2026-01-22 12:06:08','2026-01-23 03:18:49',500),(16522,5,505,NULL,'2026-01-22 12:06:08','2026-01-23 03:18:49',500),(16523,5,505,5,'2026-01-22 12:06:08','2026-01-23 03:19:32',499),(16524,5,505,NULL,'2026-01-22 12:06:08','2026-01-22 12:27:50',500),(16525,5,505,5,'2026-01-22 12:06:08','2026-01-23 03:19:32',499),(16526,5,502,8,'2026-01-22 12:06:08','2026-01-23 03:03:59',535),(16528,5,505,5,'2026-01-22 12:06:08','2026-01-23 03:19:32',499),(16531,5,499,NULL,'2026-01-22 12:06:08','2026-01-23 03:09:02',565),(16533,5,505,NULL,'2026-01-22 12:06:08','2026-01-22 12:27:50',500),(16534,5,517,NULL,'2026-01-22 12:06:08','2026-01-22 12:10:56',522),(16556,5,499,NULL,'2026-01-22 12:06:08','2026-01-23 03:01:49',522),(16559,5,502,5,'2026-01-22 12:06:09','2026-01-23 03:19:32',499),(16561,5,501,NULL,'2026-01-22 12:06:09','2026-01-23 03:01:49',522),(16577,5,505,NULL,'2026-01-22 12:06:09','2026-01-23 03:18:49',500),(16579,5,505,NULL,'2026-01-22 12:06:09','2026-01-23 03:18:49',500),(16588,5,500,NULL,'2026-01-22 12:06:09','2026-01-22 12:10:03',516),(16591,5,499,6,'2026-01-22 12:06:09','2026-01-23 03:20:21',505),(16592,5,500,5,'2026-01-22 12:06:09','2026-01-23 03:19:32',499),(16594,5,499,NULL,'2026-01-22 12:06:09','2026-01-23 03:01:49',522),(16598,5,499,NULL,'2026-01-22 12:06:09','2026-01-23 03:01:38',521),(16604,5,500,NULL,'2026-01-22 12:06:09','2026-01-22 12:12:28',531),(16605,5,505,NULL,'2026-01-22 12:06:09','2026-01-23 03:03:18',531),(16606,5,501,NULL,'2026-01-22 12:06:09','2026-01-22 12:10:25',517),(16608,5,515,NULL,'2026-01-22 12:06:09','2026-01-22 12:10:25',517),(16610,5,515,NULL,'2026-01-22 12:06:09','2026-01-22 12:10:25',517),(16611,5,500,NULL,'2026-01-22 12:06:09','2026-01-23 03:03:18',531),(16615,5,501,NULL,'2026-01-22 12:06:09','2026-01-22 12:10:25',517),(16617,5,515,NULL,'2026-01-22 12:06:09','2026-01-22 12:10:25',517),(16618,5,505,NULL,'2026-01-22 12:06:09','2026-01-22 12:10:25',517),(16619,5,505,NULL,'2026-01-22 12:06:09','2026-01-22 12:10:25',517),(16621,5,515,NULL,'2026-01-22 12:06:09','2026-01-22 12:10:25',517),(16622,5,505,NULL,'2026-01-22 12:06:09','2026-01-22 12:10:25',517),(16623,5,505,NULL,'2026-01-22 12:06:09','2026-01-22 12:10:25',517),(16624,5,522,NULL,'2026-01-22 12:06:09','2026-01-22 12:10:25',517),(16627,5,500,NULL,'2026-01-22 12:06:09','2026-01-23 03:00:56',516),(16632,5,502,5,'2026-01-22 12:06:09','2026-01-23 03:14:10',596),(16636,5,500,NULL,'2026-01-22 12:06:10','2026-01-23 03:18:57',502),(16640,5,500,5,'2026-01-22 12:06:10','2026-01-23 03:19:32',499),(16641,5,502,8,'2026-01-22 12:06:10','2026-01-23 03:03:16',530),(16642,5,500,NULL,'2026-01-22 12:06:10','2026-01-22 12:10:25',517),(16645,5,499,6,'2026-01-22 12:06:10','2026-01-23 03:01:38',521),(16646,5,502,5,'2026-01-22 12:06:10','2026-01-23 03:19:32',499),(16649,5,500,5,'2026-01-22 12:06:10','2026-01-23 03:19:32',499),(16650,5,500,5,'2026-01-22 12:06:10','2026-01-23 03:19:32',499),(16651,5,502,5,'2026-01-22 12:06:10','2026-01-23 03:19:32',499),(16655,5,505,5,'2026-01-22 12:06:10','2026-01-23 03:19:32',499),(16656,5,502,NULL,'2026-01-22 12:06:10','2026-01-23 03:18:43',501),(16667,5,499,NULL,'2026-01-22 12:06:10','2026-01-23 03:18:49',500),(16668,5,499,NULL,'2026-01-22 12:06:10','2026-01-23 03:18:49',500),(16669,5,501,NULL,'2026-01-22 12:06:10','2026-01-23 03:18:49',500),(16672,5,501,NULL,'2026-01-22 12:06:10','2026-01-23 03:18:49',500),(16674,5,501,NULL,'2026-01-22 12:06:10','2026-01-23 03:18:49',500),(16677,5,500,6,'2026-01-22 12:06:10','2026-01-23 03:03:09',529),(16679,5,500,5,'2026-01-22 12:06:10','2026-01-23 03:19:32',499),(16681,5,500,6,'2026-01-22 12:06:10','2026-01-23 03:03:09',529),(16684,5,500,5,'2026-01-22 12:06:10','2026-01-23 03:19:32',499),(16689,5,500,5,'2026-01-22 12:06:10','2026-01-23 03:19:32',499),(16692,5,499,8,'2026-01-22 12:06:10','2026-01-23 03:01:57',523),(16695,5,500,NULL,'2026-01-22 12:06:10','2026-01-23 03:03:18',531),(16696,5,500,5,'2026-01-22 12:06:10','2026-01-23 03:19:32',499),(16701,5,500,6,'2026-01-22 12:06:10','2026-01-23 03:20:21',505),(16702,5,501,6,'2026-01-22 12:06:10','2026-01-23 03:20:21',505),(16703,5,500,6,'2026-01-22 12:06:10','2026-01-23 03:20:21',505),(16704,5,501,6,'2026-01-22 12:06:10','2026-01-23 03:20:21',505),(16707,5,500,6,'2026-01-22 12:06:10','2026-01-23 03:20:21',505),(16708,5,501,6,'2026-01-22 12:06:10','2026-01-23 03:20:21',505),(16709,5,501,NULL,'2026-01-22 12:06:10','2026-01-23 03:18:49',500),(16725,5,502,NULL,'2026-01-22 12:06:11','2026-01-23 03:00:56',516),(16728,5,505,NULL,'2026-01-22 12:06:11','2026-01-22 12:27:50',500),(16737,5,500,5,'2026-01-22 12:06:11','2026-01-23 03:19:32',499),(16741,5,500,6,'2026-01-22 12:06:11','2026-01-23 03:20:21',505),(16742,5,500,6,'2026-01-22 12:06:11','2026-01-23 03:20:21',505),(16745,5,505,NULL,'2026-01-22 12:06:11','2026-01-22 12:27:50',500),(16746,5,499,6,'2026-01-22 12:06:11','2026-01-23 03:20:21',505),(16749,5,500,6,'2026-01-22 12:06:11','2026-01-23 03:20:21',505),(16759,5,499,6,'2026-01-22 12:06:11','2026-01-23 03:03:18',531),(16765,5,529,NULL,'2026-01-22 12:06:11','2026-01-23 03:03:27',532),(16769,5,500,5,'2026-01-22 12:06:11','2026-01-23 03:19:32',499),(16772,5,500,NULL,'2026-01-22 12:06:11','2026-01-23 03:01:49',522),(16774,5,500,5,'2026-01-22 12:06:11','2026-01-23 03:19:32',499),(16775,5,500,6,'2026-01-22 12:06:11','2026-01-23 03:20:21',505),(16777,5,500,5,'2026-01-22 12:06:11','2026-01-23 03:19:32',499),(16781,5,505,NULL,'2026-01-22 12:06:11','2026-01-23 03:03:27',532),(16785,5,505,NULL,'2026-01-22 12:06:11','2026-01-23 03:01:49',522),(16786,5,505,NULL,'2026-01-22 12:06:11','2026-01-23 03:01:49',522),(16787,5,505,7,'2026-01-22 12:06:11','2026-01-23 03:03:50',533),(16788,5,505,NULL,'2026-01-22 12:06:11','2026-01-23 03:03:27',532),(16789,5,505,NULL,'2026-01-22 12:06:11','2026-01-23 03:03:27',532),(16791,5,500,5,'2026-01-22 12:06:12','2026-01-23 03:19:32',499),(16795,5,505,NULL,'2026-01-22 12:06:12','2026-01-23 03:10:51',576),(16798,5,500,6,'2026-01-22 12:06:12','2026-01-23 03:20:21',505),(16805,5,500,6,'2026-01-22 12:06:12','2026-01-23 03:20:21',505),(16818,5,505,5,'2026-01-22 12:06:12','2026-01-23 03:19:32',499),(16819,5,505,5,'2026-01-22 12:06:12','2026-01-23 03:19:32',499),(16820,5,500,5,'2026-01-22 12:06:12','2026-01-23 03:19:32',499),(16821,5,500,5,'2026-01-22 12:06:12','2026-01-23 03:19:32',499),(16823,5,500,5,'2026-01-22 12:06:12','2026-01-23 03:19:32',499),(16827,5,500,5,'2026-01-22 12:06:12','2026-01-23 03:19:32',499),(16832,5,529,8,'2026-01-22 12:06:12','2026-01-23 03:02:07',524),(16838,5,500,5,'2026-01-22 12:06:12','2026-01-23 03:19:32',499),(16839,5,500,6,'2026-01-22 12:06:12','2026-01-23 03:20:21',505),(16841,5,529,5,'2026-01-22 12:06:12','2026-01-23 03:19:32',499),(16842,5,500,5,'2026-01-22 12:06:12','2026-01-23 03:19:32',499),(16849,5,500,5,'2026-01-22 12:06:12','2026-01-23 03:19:32',499),(16857,5,512,5,'2026-01-22 12:06:12','2026-01-23 03:19:32',499),(16858,5,500,5,'2026-01-22 12:06:12','2026-01-23 03:19:32',499),(16859,5,500,5,'2026-01-22 12:06:12','2026-01-23 03:03:09',529),(16862,5,500,5,'2026-01-22 12:06:12','2026-01-23 03:19:32',499),(16866,5,535,NULL,'2026-01-22 12:06:12','2026-01-23 03:10:29',574),(16871,5,512,5,'2026-01-22 12:06:13','2026-01-23 03:19:32',499),(16881,5,505,NULL,'2026-01-22 12:06:13','2026-01-22 12:10:25',517),(16883,5,512,5,'2026-01-22 12:06:13','2026-01-23 03:19:32',499),(16884,5,499,NULL,'2026-01-22 12:06:13','2026-01-23 03:18:49',500),(16886,5,501,NULL,'2026-01-22 12:06:13','2026-01-23 03:18:49',500),(16887,5,505,NULL,'2026-01-22 12:06:13','2026-01-23 03:18:49',500),(16888,5,505,NULL,'2026-01-22 12:06:13','2026-01-23 03:18:49',500),(16890,5,505,NULL,'2026-01-22 12:06:13','2026-01-23 03:18:49',500),(16892,5,505,NULL,'2026-01-22 12:06:13','2026-01-23 03:18:49',500),(16898,5,502,8,'2026-01-22 12:06:13','2026-01-23 03:03:16',530),(16902,5,530,NULL,'2026-01-22 12:06:13','2026-01-22 12:10:25',517),(16906,5,502,8,'2026-01-22 12:06:13','2026-01-23 03:01:57',523),(16911,5,530,6,'2026-01-22 12:06:13','2026-01-23 03:00:33',512),(16915,5,500,6,'2026-01-22 12:06:13','2026-01-22 12:10:07',512),(16919,5,502,6,'2026-01-22 12:06:13','2026-01-22 12:10:07',512),(16925,5,499,6,'2026-01-22 12:06:13','2026-01-23 03:20:21',505),(16939,5,500,NULL,'2026-01-22 12:06:13','2026-01-22 12:10:25',517),(16955,5,502,5,'2026-01-22 12:06:14','2026-01-23 03:19:32',499),(16957,5,500,5,'2026-01-22 12:06:14','2026-01-23 03:19:32',499),(16964,5,505,5,'2026-01-22 12:06:14','2026-01-23 03:19:32',499),(16968,5,500,6,'2026-01-22 12:06:14','2026-01-23 03:20:21',505),(16970,5,500,5,'2026-01-22 12:06:14','2026-01-23 03:19:32',499),(16971,5,502,5,'2026-01-22 12:06:14','2026-01-23 03:19:32',499),(16972,5,500,NULL,'2026-01-22 12:06:14','2026-01-22 12:10:25',517),(16973,5,499,NULL,'2026-01-22 12:06:14','2026-01-22 12:10:25',517),(17025,5,519,6,'2026-01-22 12:06:14','2026-01-23 03:20:21',505),(17028,5,500,6,'2026-01-22 12:06:15','2026-01-23 03:05:20',543),(17033,5,505,7,'2026-01-22 12:06:15','2026-01-23 03:05:28',544),(17035,5,502,8,'2026-01-22 12:06:15','2026-01-23 03:05:01',541),(17044,5,502,NULL,'2026-01-22 12:06:15','2026-01-22 12:10:25',517),(17053,5,502,6,'2026-01-22 12:06:15','2026-01-23 03:05:20',543),(17060,5,502,NULL,'2026-01-22 12:06:15','2026-01-23 03:05:20',543),(17062,5,502,NULL,'2026-01-22 12:06:15','2026-01-23 03:05:41',545),(17067,5,499,6,'2026-01-22 12:06:15','2026-01-23 03:05:41',545),(17070,5,499,6,'2026-01-22 12:06:15','2026-01-22 12:11:56',528),(17071,5,499,8,'2026-01-22 12:06:15','2026-01-23 03:05:49',546),(17073,5,499,6,'2026-01-22 12:06:15','2026-01-23 03:05:41',545),(17077,5,502,5,'2026-01-22 12:06:15','2026-01-23 03:19:32',499),(17082,5,500,5,'2026-01-22 12:06:15','2026-01-23 03:19:32',499),(17086,5,500,5,'2026-01-22 12:06:15','2026-01-23 03:19:32',499),(17097,5,500,6,'2026-01-22 12:06:15','2026-01-22 12:10:07',512),(17098,5,502,5,'2026-01-22 12:06:15','2026-01-23 03:19:32',499),(17103,5,499,NULL,'2026-01-22 12:06:15','2026-01-23 03:03:18',531),(17106,5,500,6,'2026-01-22 12:06:15','2026-01-23 03:04:14',536),(17109,5,499,6,'2026-01-22 12:06:15','2026-01-23 03:01:20',519),(17115,5,499,5,'2026-01-22 12:06:16','2026-01-23 03:01:20',519),(17116,5,499,6,'2026-01-22 12:06:16','2026-01-23 03:01:20',519),(17119,5,500,5,'2026-01-22 12:06:16','2026-01-23 03:04:14',536),(17124,5,500,6,'2026-01-22 12:06:16','2026-01-23 03:05:49',546),(17125,5,499,NULL,'2026-01-22 12:06:16','2026-01-23 03:14:59',601),(17126,5,515,NULL,'2026-01-22 12:06:16','2026-01-23 03:14:59',601),(17128,5,502,NULL,'2026-01-22 12:06:16','2026-01-23 03:06:39',551),(17133,5,500,5,'2026-01-22 12:06:16','2026-01-23 03:19:32',499),(17135,5,500,5,'2026-01-22 12:06:16','2026-01-23 03:19:32',499),(17142,5,500,NULL,'2026-01-22 12:06:16','2026-01-22 12:10:25',517),(17143,5,502,NULL,'2026-01-22 12:06:16','2026-01-22 12:10:25',517),(17148,5,549,3,'2026-01-22 12:06:16','2026-01-23 03:19:43',508),(17157,5,499,NULL,'2026-01-22 12:06:16','2026-01-22 12:10:25',517),(17160,5,500,6,'2026-01-22 12:06:16','2026-01-23 03:20:21',505),(17163,5,499,6,'2026-01-22 12:06:16','2026-01-23 03:20:21',505),(17180,5,512,NULL,'2026-01-22 12:06:16','2026-01-23 03:18:57',502),(17182,5,500,NULL,'2026-01-22 12:06:16','2026-01-23 03:20:00',510),(17187,5,502,NULL,'2026-01-22 12:06:16','2026-01-22 12:10:25',517),(17196,5,505,NULL,'2026-01-22 12:06:16','2026-01-23 03:18:57',502),(17197,5,505,5,'2026-01-22 12:06:16','2026-01-23 03:19:32',499),(17204,5,500,NULL,'2026-01-22 12:06:17','2026-01-22 12:10:25',517),(17211,5,501,NULL,'2026-01-22 12:06:17','2026-01-22 12:10:25',517),(17215,5,501,6,'2026-01-22 12:06:17','2026-01-23 03:20:21',505),(17216,5,501,NULL,'2026-01-22 12:06:17','2026-01-22 12:10:25',517),(17217,5,499,6,'2026-01-22 12:06:17','2026-01-23 03:20:21',505),(17226,5,502,5,'2026-01-22 12:06:17','2026-01-23 03:19:32',499),(17242,5,502,8,'2026-01-22 12:06:17','2026-01-22 12:28:51',508),(17245,5,499,6,'2026-01-22 12:06:17','2026-01-23 03:20:21',505),(17247,5,505,8,'2026-01-22 12:06:17','2026-01-23 03:10:51',576),(17248,5,505,NULL,'2026-01-22 12:06:17','2026-01-22 12:19:57',576),(17255,5,502,5,'2026-01-22 12:06:17','2026-01-23 03:19:32',499),(17258,5,502,NULL,'2026-01-22 12:06:17','2026-01-23 03:06:39',551),(17261,5,500,NULL,'2026-01-22 12:06:17','2026-01-23 03:06:39',551),(17278,5,500,5,'2026-01-22 12:06:17','2026-01-23 03:19:32',499),(17280,5,505,NULL,'2026-01-22 12:06:17','2026-01-23 03:10:51',576),(17327,5,505,NULL,'2026-01-22 12:06:18','2026-01-23 03:07:08',554),(17351,5,541,NULL,'2026-01-22 12:06:18','2026-01-23 03:14:18',597),(17352,5,541,6,'2026-01-22 12:06:18','2026-01-23 03:14:10',596),(17355,5,499,7,'2026-01-22 12:06:18','2026-01-23 03:04:47',540),(17356,5,502,8,'2026-01-22 12:06:18','2026-01-23 03:05:01',541),(17369,5,499,NULL,'2026-01-22 12:06:18','2026-01-22 12:10:25',517),(17384,5,500,6,'2026-01-22 12:06:19','2026-01-23 03:20:21',505),(17390,5,500,6,'2026-01-22 12:06:19','2026-01-23 03:20:21',505),(17394,5,500,6,'2026-01-22 12:06:19','2026-01-23 03:20:21',505),(17397,5,541,6,'2026-01-22 12:06:19','2026-01-23 03:01:15',517),(17404,5,500,6,'2026-01-22 12:06:19','2026-01-23 03:01:15',517),(17409,5,500,5,'2026-01-22 12:06:19','2026-01-23 03:19:32',499),(17412,5,500,NULL,'2026-01-22 12:06:19','2026-01-23 03:03:16',530),(17413,5,557,NULL,'2026-01-22 12:06:19','2026-01-22 12:16:27',555),(17415,5,500,5,'2026-01-22 12:06:19','2026-01-23 03:19:32',499),(17433,5,500,5,'2026-01-22 12:06:19','2026-01-23 03:19:32',499),(17434,5,500,6,'2026-01-22 12:06:19','2026-01-23 03:20:21',505),(17470,5,500,6,'2026-01-22 12:06:20','2026-01-22 12:10:07',512),(17513,5,500,6,'2026-01-22 12:06:20','2026-01-23 03:20:21',505),(17571,5,502,8,'2026-01-22 12:06:21','2026-01-23 03:03:16',530),(17576,5,502,7,'2026-01-22 12:06:21','2026-01-23 03:20:00',510),(17589,5,500,NULL,'2026-01-22 12:06:21','2026-01-23 03:03:50',533),(17590,5,500,7,'2026-01-22 12:06:21','2026-01-23 03:14:10',596),(17591,5,500,6,'2026-01-22 12:06:21','2026-01-22 12:10:07',512),(17592,5,500,NULL,'2026-01-22 12:06:21','2026-01-23 03:03:16',530),(17634,5,500,6,'2026-01-22 12:06:22','2026-01-22 12:10:07',512),(17637,5,541,NULL,'2026-01-22 12:06:22','2026-01-23 03:08:08',557),(17640,5,541,NULL,'2026-01-22 12:06:22','2026-01-23 03:08:08',557),(17641,5,541,NULL,'2026-01-22 12:06:22','2026-01-23 03:08:08',557),(17642,5,500,NULL,'2026-01-22 12:06:22','2026-01-23 03:08:08',557),(17643,5,500,NULL,'2026-01-22 12:06:22','2026-01-23 03:08:08',557),(17644,5,541,NULL,'2026-01-22 12:06:22','2026-01-23 03:08:08',557),(17645,5,500,NULL,'2026-01-22 12:06:22','2026-01-23 03:08:08',557),(17646,5,541,NULL,'2026-01-22 12:06:22','2026-01-23 03:08:08',557),(17647,5,500,NULL,'2026-01-22 12:06:22','2026-01-23 03:08:08',557),(17648,5,541,NULL,'2026-01-22 12:06:22','2026-01-23 03:08:08',557),(17650,5,541,NULL,'2026-01-22 12:06:22','2026-01-23 03:08:08',557),(17657,5,502,NULL,'2026-01-22 12:06:22','2026-01-23 03:08:08',557),(17658,5,541,NULL,'2026-01-22 12:06:22','2026-01-23 03:08:08',557),(17659,5,500,NULL,'2026-01-22 12:06:22','2026-01-23 03:08:08',557),(17660,5,541,NULL,'2026-01-22 12:06:22','2026-01-23 03:08:08',557),(17693,5,505,5,'2026-01-22 12:06:22','2026-01-23 03:19:32',499),(17700,5,500,6,'2026-01-22 12:06:22','2026-01-23 03:20:21',505),(17721,5,502,8,'2026-01-22 12:06:23','2026-01-23 03:08:48',564),(17726,5,502,8,'2026-01-22 12:06:23','2026-01-23 03:09:02',565),(17744,5,541,NULL,'2026-01-22 12:06:23','2026-01-23 03:08:08',557),(17745,5,541,NULL,'2026-01-22 12:06:23','2026-01-23 03:08:08',557),(17747,5,541,NULL,'2026-01-22 12:06:23','2026-01-23 03:08:08',557),(17749,5,500,NULL,'2026-01-22 12:06:23','2026-01-23 03:08:08',557),(17751,5,501,NULL,'2026-01-22 12:06:23','2026-01-23 03:08:08',557),(17754,5,541,NULL,'2026-01-22 12:06:23','2026-01-23 03:08:08',557),(17756,5,541,NULL,'2026-01-22 12:06:23','2026-01-23 03:08:08',557),(17761,5,502,NULL,'2026-01-22 12:06:23','2026-01-23 03:08:08',557),(17763,5,541,NULL,'2026-01-22 12:06:23','2026-01-23 03:08:08',557),(17764,5,505,NULL,'2026-01-22 12:06:23','2026-01-23 03:08:08',557),(17765,5,500,NULL,'2026-01-22 12:06:23','2026-01-23 03:08:08',557),(17768,5,500,NULL,'2026-01-22 12:06:23','2026-01-23 03:08:08',557),(17769,5,500,NULL,'2026-01-22 12:06:23','2026-01-23 03:08:08',557),(17771,5,502,NULL,'2026-01-22 12:06:23','2026-01-23 03:08:08',557),(17773,5,512,NULL,'2026-01-22 12:06:23','2026-01-23 03:08:08',557),(17774,5,501,NULL,'2026-01-22 12:06:23','2026-01-23 03:08:08',557),(17779,5,541,NULL,'2026-01-22 12:06:23','2026-01-23 03:08:08',557),(17780,5,541,NULL,'2026-01-22 12:06:23','2026-01-23 03:08:08',557),(17823,5,557,7,'2026-01-22 12:06:24','2026-01-23 03:05:01',541),(17830,5,557,6,'2026-01-22 12:06:24','2026-01-22 12:14:08',541),(17917,5,502,8,'2026-01-22 12:06:25','2026-01-23 03:06:49',552),(17922,5,557,6,'2026-01-22 12:06:25','2026-01-23 03:11:22',579),(17923,5,557,6,'2026-01-22 12:06:25','2026-01-23 03:20:21',505),(17930,5,557,6,'2026-01-22 12:06:25','2026-01-23 03:20:21',505),(17935,5,502,NULL,'2026-01-22 12:06:25','2026-01-23 03:06:49',552),(17946,5,515,NULL,'2026-01-22 12:06:25','2026-01-23 03:01:28',520),(17965,5,502,5,'2026-01-22 12:06:26','2026-01-23 03:19:32',499),(17973,5,499,6,'2026-01-22 12:06:26','2026-01-23 03:07:24',555),(17976,5,501,7,'2026-01-22 12:06:26','2026-01-23 03:07:24',555),(17982,5,557,NULL,'2026-01-22 12:06:26','2026-01-23 03:07:24',555),(17985,5,557,NULL,'2026-01-22 12:06:26','2026-01-23 03:07:24',555),(17988,5,502,NULL,'2026-01-22 12:06:26','2026-01-22 12:21:56',588),(17989,5,502,5,'2026-01-22 12:06:26','2026-01-23 03:19:32',499),(18001,5,502,8,'2026-01-22 12:06:26','2026-01-23 03:03:16',530),(18007,5,502,NULL,'2026-01-22 12:06:26','2026-01-22 12:10:25',517),(18011,5,557,8,'2026-01-22 12:06:26','2026-01-23 03:08:48',564),(18018,5,502,8,'2026-01-22 12:06:26','2026-01-23 03:01:28',520),(18030,5,501,5,'2026-01-22 12:06:26','2026-01-23 03:19:32',499),(18039,5,557,6,'2026-01-22 12:06:26','2026-01-23 03:07:24',555),(18044,5,557,5,'2026-01-22 12:06:26','2026-01-23 03:19:32',499),(18045,5,557,NULL,'2026-01-22 12:06:26','2026-01-23 03:20:00',510),(18050,5,502,6,'2026-01-22 12:06:26','2026-01-23 03:12:19',585),(18053,5,500,NULL,'2026-01-22 12:06:27','2026-01-23 03:07:08',554),(18058,5,499,NULL,'2026-01-22 12:06:27','2026-01-23 03:07:08',554),(18085,5,499,4,'2026-01-22 12:06:27','2026-01-23 03:06:39',551),(18095,5,557,NULL,'2026-01-22 12:06:27','2026-01-23 03:20:00',510),(18097,5,502,5,'2026-01-22 12:06:27','2026-01-23 03:19:32',499),(18098,5,505,NULL,'2026-01-22 12:06:27','2026-01-23 03:10:51',576),(18099,5,499,NULL,'2026-01-22 12:06:27','2026-01-22 12:19:57',576),(18100,5,499,7,'2026-01-22 12:06:27','2026-01-23 03:10:51',576),(18102,5,502,8,'2026-01-22 12:06:27','2026-01-23 03:11:09',578),(18122,5,541,8,'2026-01-22 12:06:27','2026-01-23 03:11:03',577),(18124,5,521,6,'2026-01-22 12:06:27','2026-01-22 12:10:07',512),(18130,5,499,6,'2026-01-22 12:06:27','2026-01-22 12:10:07',512),(18132,5,499,6,'2026-01-22 12:06:27','2026-01-22 12:10:07',512),(18136,5,499,6,'2026-01-22 12:06:27','2026-01-22 12:10:07',512),(18138,5,502,NULL,'2026-01-22 12:06:28','2026-01-23 03:20:00',510),(18139,5,521,NULL,'2026-01-22 12:06:28','2026-01-22 12:20:07',577),(18140,5,502,6,'2026-01-22 12:06:28','2026-01-23 03:00:33',512),(18142,5,502,6,'2026-01-22 12:06:28','2026-01-22 12:10:07',512),(18144,5,502,6,'2026-01-22 12:06:28','2026-01-22 12:10:07',512),(18158,5,557,4,'2026-01-22 12:06:28','2026-01-23 03:07:24',555),(18160,5,502,5,'2026-01-22 12:06:28','2026-01-23 03:19:32',499),(18178,5,502,5,'2026-01-22 12:06:28','2026-01-23 03:03:09',529),(18194,5,557,6,'2026-01-22 12:06:28','2026-01-23 03:00:33',512),(18195,5,502,6,'2026-01-22 12:06:28','2026-01-22 12:10:07',512),(18198,5,499,6,'2026-01-22 12:06:28','2026-01-22 12:10:07',512),(18202,5,557,6,'2026-01-22 12:06:28','2026-01-22 12:10:07',512),(18205,5,557,6,'2026-01-22 12:06:28','2026-01-22 12:10:07',512),(18207,5,557,6,'2026-01-22 12:06:28','2026-01-22 12:10:07',512),(18208,5,502,6,'2026-01-22 12:06:28','2026-01-22 12:10:07',512),(18211,5,502,8,'2026-01-22 12:06:28','2026-01-23 03:11:40',581),(18238,5,499,7,'2026-01-22 12:06:29','2026-01-23 03:04:14',536),(18239,5,499,NULL,'2026-01-22 12:06:29','2026-01-23 03:12:01',583),(18240,5,579,7,'2026-01-22 12:06:29','2026-01-23 03:12:01',583),(18242,5,499,NULL,'2026-01-22 12:06:29','2026-01-23 03:12:10',584),(18244,5,502,8,'2026-01-22 12:06:29','2026-01-23 03:01:28',520),(18245,5,502,5,'2026-01-22 12:06:29','2026-01-23 03:19:32',499),(18246,5,501,5,'2026-01-22 12:06:29','2026-01-23 03:19:32',499),(18247,5,541,6,'2026-01-22 12:06:29','2026-01-23 03:12:10',584),(18254,5,502,5,'2026-01-22 12:06:29','2026-01-23 03:19:32',499),(18256,5,499,7,'2026-01-22 12:06:29','2026-01-23 03:01:20',519),(18259,5,512,NULL,'2026-01-22 12:06:29','2026-01-22 12:21:19',584),(18261,5,502,5,'2026-01-22 12:06:29','2026-01-23 03:19:32',499),(18262,5,541,6,'2026-01-22 12:06:29','2026-01-23 03:12:10',584),(18264,5,541,NULL,'2026-01-22 12:06:29','2026-01-23 03:11:03',577),(18268,5,502,7,'2026-01-22 12:06:29','2026-01-23 03:11:03',577),(18270,5,501,8,'2026-01-22 12:06:29','2026-01-23 03:11:03',577),(18272,5,499,6,'2026-01-22 12:06:29','2026-01-23 03:01:20',519),(18273,5,499,6,'2026-01-22 12:06:29','2026-01-23 03:04:14',536),(18275,5,499,5,'2026-01-22 12:06:29','2026-01-23 03:01:20',519),(18280,5,499,NULL,'2026-01-22 12:06:29','2026-01-22 12:10:25',517),(18282,5,502,NULL,'2026-01-22 12:06:29','2026-01-22 12:10:25',517),(18283,5,512,5,'2026-01-22 12:06:29','2026-01-23 03:19:32',499),(18286,5,579,NULL,'2026-01-22 12:06:29','2026-01-23 03:01:20',519),(18292,5,501,NULL,'2026-01-22 12:06:29','2026-01-22 12:10:25',517),(18293,5,557,NULL,'2026-01-22 12:06:29','2026-01-22 12:10:25',517),(18296,5,499,NULL,'2026-01-22 12:06:29','2026-01-23 03:11:03',577),(18302,5,512,5,'2026-01-22 12:06:29','2026-01-23 03:19:32',499),(18305,5,512,5,'2026-01-22 12:06:29','2026-01-23 03:19:32',499),(18306,5,501,NULL,'2026-01-22 12:06:29','2026-01-23 03:08:08',557),(18310,5,502,NULL,'2026-01-22 12:06:29','2026-01-23 03:08:08',557),(18312,5,512,NULL,'2026-01-22 12:06:29','2026-01-23 03:08:08',557),(18315,5,502,NULL,'2026-01-22 12:06:29','2026-01-22 12:10:25',517),(18321,5,499,7,'2026-01-22 12:06:30','2026-01-23 03:12:49',588),(18323,5,505,5,'2026-01-22 12:06:30','2026-01-23 03:19:32',499),(18324,5,579,NULL,'2026-01-22 12:06:30','2026-01-22 12:10:25',517),(18325,5,557,NULL,'2026-01-22 12:06:30','2026-01-23 03:10:48',575),(18327,5,502,NULL,'2026-01-22 12:06:30','2026-01-22 12:10:25',517),(18329,5,501,NULL,'2026-01-22 12:06:30','2026-01-23 03:08:08',557),(18334,5,501,NULL,'2026-01-22 12:06:30','2026-01-23 03:10:48',575),(18336,5,500,NULL,'2026-01-22 12:06:30','2026-01-23 03:08:08',557),(18338,5,500,NULL,'2026-01-22 12:06:30','2026-01-23 03:08:08',557),(18340,5,500,NULL,'2026-01-22 12:06:30','2026-01-23 03:08:08',557),(18343,5,500,NULL,'2026-01-22 12:06:30','2026-01-23 03:08:08',557),(18344,5,505,5,'2026-01-22 12:06:30','2026-01-23 03:19:32',499),(18352,5,530,6,'2026-01-22 12:06:30','2026-01-23 03:02:26',526),(18353,5,502,8,'2026-01-22 12:06:30','2026-01-23 03:03:16',530),(18359,5,502,5,'2026-01-22 12:06:30','2026-01-23 03:19:32',499),(18365,5,512,5,'2026-01-22 12:06:30','2026-01-23 03:19:32',499),(18372,5,502,5,'2026-01-22 12:06:30','2026-01-23 03:19:32',499),(18378,5,502,8,'2026-01-22 12:06:30','2026-01-23 03:02:48',528),(18383,5,502,8,'2026-01-22 12:06:30','2026-01-22 12:20:29',579),(18385,5,499,7,'2026-01-22 12:06:30','2026-01-23 03:03:50',533),(18389,5,499,NULL,'2026-01-22 12:06:30','2026-01-22 12:10:25',517),(18390,5,499,7,'2026-01-22 12:06:30','2026-01-23 03:08:48',564),(18395,5,499,8,'2026-01-22 12:06:30','2026-01-23 03:10:48',575),(18396,5,499,7,'2026-01-22 12:06:30','2026-01-23 03:12:19',585),(18397,5,499,NULL,'2026-01-22 12:06:30','2026-01-23 03:13:12',590),(18399,5,502,8,'2026-01-22 12:06:30','2026-01-22 12:20:29',579),(18411,5,502,8,'2026-01-22 12:06:30','2026-01-22 12:20:29',579),(18413,5,499,NULL,'2026-01-22 12:06:30','2026-01-23 03:13:12',590),(18416,5,502,8,'2026-01-22 12:06:31','2026-01-23 03:06:02',547),(18419,5,502,6,'2026-01-22 12:06:31','2026-01-23 03:06:02',547),(18422,5,502,8,'2026-01-22 12:06:31','2026-01-23 03:07:50',558),(18453,5,557,NULL,'2026-01-22 12:06:31','2026-01-23 03:10:48',575),(18460,5,501,NULL,'2026-01-22 12:06:31','2026-01-23 03:10:48',575),(18462,5,502,NULL,'2026-01-22 12:06:31','2026-01-22 12:10:25',517),(18468,5,499,NULL,'2026-01-22 12:06:31','2026-01-22 12:22:19',590),(18470,5,512,NULL,'2026-01-22 12:06:31','2026-01-22 12:10:25',517),(18473,5,512,5,'2026-01-22 12:06:31','2026-01-23 03:19:32',499),(18474,5,502,5,'2026-01-22 12:06:31','2026-01-23 03:19:32',499),(18476,5,512,5,'2026-01-22 12:06:31','2026-01-23 03:19:32',499),(18477,5,499,5,'2026-01-22 12:06:31','2026-01-23 03:13:48',594),(18481,5,502,5,'2026-01-22 12:06:31','2026-01-23 03:19:32',499),(18482,5,512,5,'2026-01-22 12:06:31','2026-01-23 03:19:32',499),(18484,5,505,5,'2026-01-22 12:06:31','2026-01-23 03:19:32',499),(18486,5,512,5,'2026-01-22 12:06:31','2026-01-23 03:19:32',499),(18487,5,512,5,'2026-01-22 12:06:31','2026-01-23 03:19:32',499),(18492,5,499,4,'2026-01-22 12:06:31','2026-01-23 03:13:12',590),(18494,5,499,NULL,'2026-01-22 12:06:31','2026-01-23 03:13:12',590),(18495,5,505,5,'2026-01-22 12:06:31','2026-01-23 03:19:32',499),(18496,5,499,NULL,'2026-01-22 12:06:31','2026-01-23 03:13:12',590),(18505,5,499,6,'2026-01-22 12:06:31','2026-01-23 03:03:50',533),(18519,5,502,5,'2026-01-22 12:06:32','2026-01-23 03:19:32',499),(18523,5,500,9,'2026-01-22 12:06:32','2026-01-23 03:11:09',578),(18524,5,500,NULL,'2026-01-22 12:06:32','2026-01-22 12:10:25',517),(18525,5,502,NULL,'2026-01-22 12:06:32','2026-01-22 12:12:26',530),(18527,5,502,8,'2026-01-22 12:06:32','2026-01-22 12:20:29',579),(18537,5,512,5,'2026-01-22 12:06:32','2026-01-23 03:19:32',499),(18545,5,499,NULL,'2026-01-22 12:06:32','2026-01-22 12:22:19',590),(18549,5,499,NULL,'2026-01-22 12:06:32','2026-01-23 03:13:12',590),(18551,5,502,8,'2026-01-22 12:06:32','2026-01-22 12:20:29',579),(18568,5,579,5,'2026-01-22 12:06:32','2026-01-23 03:19:32',499),(18571,5,502,8,'2026-01-22 12:06:32','2026-01-23 03:02:26',526),(18583,5,502,8,'2026-01-22 12:06:32','2026-01-23 03:11:09',578),(18602,5,499,NULL,'2026-01-22 12:06:33','2026-01-22 12:21:19',584),(18603,5,512,NULL,'2026-01-22 12:06:33','2026-01-23 03:12:10',584),(18604,5,499,NULL,'2026-01-22 12:06:33','2026-01-23 03:12:10',584),(18605,5,512,NULL,'2026-01-22 12:06:33','2026-01-23 03:12:10',584),(18607,5,499,7,'2026-01-22 12:06:33','2026-01-23 03:12:10',584),(18617,5,512,8,'2026-01-22 12:06:33','2026-01-22 12:20:29',579),(18622,5,502,8,'2026-01-22 12:06:33','2026-01-23 03:11:09',578),(18623,5,499,NULL,'2026-01-22 12:06:33','2026-01-22 12:10:25',517),(18627,5,557,NULL,'2026-01-22 12:06:33','2026-01-23 03:08:25',561),(18629,5,500,NULL,'2026-01-22 12:06:33','2026-01-23 03:08:25',561),(18631,5,512,NULL,'2026-01-22 12:06:33','2026-01-23 03:08:25',561),(18634,5,517,7,'2026-01-22 12:06:33','2026-01-23 03:08:25',561),(18638,5,502,5,'2026-01-22 12:06:33','2026-01-23 03:19:32',499),(18645,5,501,6,'2026-01-22 12:06:33','2026-01-23 03:20:21',505),(18647,5,512,6,'2026-01-22 12:06:33','2026-01-23 03:20:21',505),(18659,5,505,5,'2026-01-22 12:06:33','2026-01-23 03:19:32',499),(18664,5,512,5,'2026-01-22 12:06:33','2026-01-23 03:19:32',499),(18669,5,505,5,'2026-01-22 12:06:33','2026-01-23 03:19:32',499),(18674,5,505,5,'2026-01-22 12:06:33','2026-01-23 03:19:32',499),(18675,5,505,5,'2026-01-22 12:06:33','2026-01-23 03:19:32',499),(18685,5,502,NULL,'2026-01-22 12:06:33','2026-01-23 03:10:48',575),(18687,5,505,5,'2026-01-22 12:06:33','2026-01-23 03:19:32',499),(18690,5,505,5,'2026-01-22 12:06:33','2026-01-23 03:19:32',499),(18695,5,499,NULL,'2026-01-22 12:06:34','2026-01-23 03:10:48',575),(18702,5,502,8,'2026-01-22 12:06:34','2026-01-22 12:20:29',579),(18703,5,502,NULL,'2026-01-22 12:06:34','2026-01-22 12:10:25',517),(18715,5,502,6,'2026-01-22 12:06:34','2026-01-23 03:03:09',529),(18718,5,502,5,'2026-01-22 12:06:34','2026-01-23 03:03:09',529),(18723,5,502,8,'2026-01-22 12:06:34','2026-01-23 03:11:22',579),(18728,5,502,8,'2026-01-22 12:06:34','2026-01-22 12:20:29',579),(18729,5,502,8,'2026-01-22 12:06:34','2026-01-23 03:14:40',599),(18731,5,512,5,'2026-01-22 12:06:34','2026-01-23 03:19:32',499),(18732,5,512,5,'2026-01-22 12:06:34','2026-01-23 03:19:32',499),(18733,5,512,5,'2026-01-22 12:06:34','2026-01-23 03:19:32',499),(18735,5,505,5,'2026-01-22 12:06:34','2026-01-23 03:19:32',499),(18736,5,505,5,'2026-01-22 12:06:34','2026-01-23 03:19:32',499),(18739,5,512,5,'2026-01-22 12:06:34','2026-01-23 03:19:32',499),(18741,5,502,5,'2026-01-22 12:06:34','2026-01-23 03:19:32',499),(18742,5,512,5,'2026-01-22 12:06:34','2026-01-23 03:19:32',499),(18744,5,512,5,'2026-01-22 12:06:34','2026-01-23 03:19:32',499),(18745,5,512,NULL,'2026-01-22 12:06:34','2026-01-23 03:14:40',599),(18748,5,502,5,'2026-01-22 12:06:34','2026-01-23 03:19:32',499),(18750,5,512,5,'2026-01-22 12:06:34','2026-01-23 03:19:32',499),(18753,5,512,6,'2026-01-22 12:06:34','2026-01-23 03:20:21',505),(18754,5,512,5,'2026-01-22 12:06:34','2026-01-23 03:19:32',499),(18755,5,512,5,'2026-01-22 12:06:34','2026-01-23 03:19:32',499),(18757,5,505,5,'2026-01-22 12:06:34','2026-01-23 03:19:32',499),(18758,5,505,5,'2026-01-22 12:06:34','2026-01-23 03:19:32',499),(18769,5,499,6,'2026-01-22 12:06:34','2026-01-23 03:03:16',530),(18770,5,499,7,'2026-01-22 12:06:34','2026-01-23 03:03:50',533),(18781,5,512,5,'2026-01-22 12:06:34','2026-01-23 03:19:32',499),(18784,5,512,5,'2026-01-22 12:06:35','2026-01-23 03:19:32',499),(18786,5,512,5,'2026-01-22 12:06:35','2026-01-23 03:19:32',499),(18789,5,502,6,'2026-01-22 12:06:35','2026-01-23 03:00:33',512),(18790,5,501,6,'2026-01-22 12:06:35','2026-01-22 12:10:07',512),(18793,5,501,6,'2026-01-22 12:06:35','2026-01-22 12:10:07',512),(18798,5,512,5,'2026-01-22 12:06:35','2026-01-23 03:19:32',499),(18799,5,502,NULL,'2026-01-22 12:06:35','2026-01-23 03:14:18',597),(18800,5,500,5,'2026-01-22 12:06:35','2026-01-23 03:19:32',499),(18805,5,512,6,'2026-01-22 12:06:35','2026-01-23 03:20:21',505),(18806,5,499,6,'2026-01-22 12:06:35','2026-01-23 03:20:21',505),(18808,5,512,5,'2026-01-22 12:06:35','2026-01-23 03:19:32',499),(18810,5,505,5,'2026-01-22 12:06:35','2026-01-23 03:19:32',499),(18811,5,500,6,'2026-01-22 12:06:35','2026-01-22 12:10:07',512),(18812,5,499,6,'2026-01-22 12:06:35','2026-01-23 03:11:22',579),(18813,5,512,5,'2026-01-22 12:06:35','2026-01-23 03:19:32',499),(18814,5,512,5,'2026-01-22 12:06:35','2026-01-23 03:19:32',499),(18816,5,512,5,'2026-01-22 12:06:35','2026-01-23 03:19:32',499),(18817,5,499,6,'2026-01-22 12:06:35','2026-01-23 03:03:50',533),(18819,5,512,5,'2026-01-22 12:06:35','2026-01-23 03:19:32',499),(18820,5,512,5,'2026-01-22 12:06:35','2026-01-23 03:19:32',499),(18822,5,512,5,'2026-01-22 12:06:35','2026-01-23 03:19:32',499),(18825,5,505,5,'2026-01-22 12:06:35','2026-01-23 03:19:32',499),(18826,5,512,5,'2026-01-22 12:06:35','2026-01-23 03:19:32',499),(18827,5,505,5,'2026-01-22 12:06:35','2026-01-23 03:19:32',499),(18829,5,512,6,'2026-01-22 12:06:35','2026-01-23 03:20:21',505),(18831,5,505,5,'2026-01-22 12:06:35','2026-01-23 03:19:32',499),(18833,5,505,5,'2026-01-22 12:06:35','2026-01-23 03:19:32',499),(18834,5,502,5,'2026-01-22 12:06:35','2026-01-23 03:19:32',499),(18835,5,502,6,'2026-01-22 12:06:35','2026-01-23 03:20:21',505),(18837,5,512,6,'2026-01-22 12:06:35','2026-01-23 03:06:39',551),(18838,5,505,6,'2026-01-22 12:06:35','2026-01-23 03:00:33',512),(18840,5,512,5,'2026-01-22 12:06:35','2026-01-23 03:19:32',499),(18842,5,512,5,'2026-01-22 12:06:35','2026-01-23 03:19:32',499),(18843,5,499,NULL,'2026-01-22 12:06:35','2026-01-23 03:14:48',600),(18845,5,499,NULL,'2026-01-22 12:06:35','2026-01-23 03:14:48',600),(18846,5,512,5,'2026-01-22 12:06:35','2026-01-23 03:19:32',499),(18848,5,500,6,'2026-01-22 12:06:35','2026-01-22 12:10:07',512),(18849,5,500,6,'2026-01-22 12:06:35','2026-01-22 12:10:07',512),(18851,5,512,6,'2026-01-22 12:06:35','2026-01-23 03:08:25',561),(18853,5,502,6,'2026-01-22 12:06:35','2026-01-22 12:10:07',512),(18855,5,514,NULL,'2026-01-22 12:06:35','2026-01-23 03:14:59',601),(18859,5,499,7,'2026-01-22 12:06:35','2026-01-23 03:03:50',533),(18862,5,499,NULL,'2026-01-22 12:06:35','2026-01-23 03:03:50',533),(18864,5,514,NULL,'2026-01-22 12:06:35','2026-01-23 03:14:59',601),(18866,5,512,NULL,'2026-01-22 12:06:35','2026-01-22 12:24:07',601),(18868,5,515,NULL,'2026-01-22 12:06:35','2026-01-23 03:14:59',601),(18869,5,512,NULL,'2026-01-22 12:06:36','2026-01-23 03:14:59',601),(18871,5,515,NULL,'2026-01-22 12:06:36','2026-01-22 12:24:07',601),(18873,5,512,NULL,'2026-01-22 12:06:36','2026-01-23 03:14:59',601),(18874,5,512,NULL,'2026-01-22 12:06:36','2026-01-23 03:14:59',601),(18875,5,499,NULL,'2026-01-22 12:06:36','2026-01-23 03:14:59',601),(18881,5,499,NULL,'2026-01-22 12:06:36','2026-01-23 03:14:59',601),(18897,5,499,NULL,'2026-01-22 12:06:36','2026-01-22 12:10:25',517),(18898,5,499,7,'2026-01-22 12:06:36','2026-01-23 03:02:48',528),(18901,5,505,NULL,'2026-01-22 12:06:36','2026-01-23 03:03:16',530),(18902,5,502,NULL,'2026-01-22 12:06:36','2026-01-23 03:10:29',574),(18909,5,499,6,'2026-01-22 12:06:36','2026-01-23 03:20:21',505),(18910,5,501,6,'2026-01-22 12:06:36','2026-01-23 03:20:21',505),(18911,5,499,6,'2026-01-22 12:06:36','2026-01-23 03:20:21',505),(18914,5,499,6,'2026-01-22 12:06:36','2026-01-23 03:20:21',505),(18916,5,512,6,'2026-01-22 12:06:36','2026-01-23 03:20:21',505),(18920,5,502,6,'2026-01-22 12:06:36','2026-01-23 03:20:21',505),(18923,5,502,8,'2026-01-22 12:06:36','2026-01-22 12:20:29',579),(18924,5,499,7,'2026-01-22 12:06:36','2026-01-23 03:14:10',596),(18925,5,499,NULL,'2026-01-22 12:06:36','2026-01-23 03:05:41',545),(18927,5,502,6,'2026-01-22 12:06:36','2026-01-23 03:20:21',505),(18931,5,502,6,'2026-01-22 12:06:36','2026-01-23 03:20:21',505),(18933,5,512,6,'2026-01-22 12:06:36','2026-01-23 03:20:21',505),(18934,5,579,6,'2026-01-22 12:06:36','2026-01-23 03:20:21',505),(18935,5,499,8,'2026-01-22 12:06:36','2026-01-23 03:06:58',553),(18936,5,499,7,'2026-01-22 12:06:36','2026-01-23 03:05:41',545),(18940,5,579,6,'2026-01-22 12:06:36','2026-01-23 03:20:21',505),(18941,5,579,6,'2026-01-22 12:06:36','2026-01-23 03:20:21',505),(18945,5,512,6,'2026-01-22 12:06:37','2026-01-23 03:20:21',505),(18948,5,512,6,'2026-01-22 12:06:37','2026-01-23 03:20:21',505),(18951,5,502,8,'2026-01-22 12:06:37','2026-01-22 12:20:29',579),(18954,5,499,6,'2026-01-22 12:06:37','2026-01-23 03:20:21',505),(18966,5,530,NULL,'2026-01-22 12:06:37','2026-01-22 12:28:45',505),(18973,5,512,9,'2026-01-22 12:06:37','2026-01-23 03:19:43',508),(18984,5,541,6,'2026-01-22 12:06:37','2026-01-23 03:20:21',505),(18985,5,541,6,'2026-01-22 12:06:37','2026-01-23 03:20:21',505),(19000,5,505,6,'2026-01-22 12:06:37','2026-01-22 12:10:07',512),(19011,5,505,6,'2026-01-22 12:06:37','2026-01-22 12:10:07',512),(19019,5,502,6,'2026-01-22 12:06:38','2026-01-23 03:20:21',505),(19026,5,505,6,'2026-01-22 12:06:38','2026-01-22 12:10:07',512),(19027,5,505,6,'2026-01-22 12:06:38','2026-01-22 12:10:07',512),(19029,5,505,6,'2026-01-22 12:06:38','2026-01-22 12:10:07',512),(19039,5,502,6,'2026-01-22 12:06:38','2026-01-23 03:20:21',505),(19043,5,505,6,'2026-01-22 12:06:38','2026-01-23 03:00:33',512),(19044,5,505,6,'2026-01-22 12:06:38','2026-01-22 12:10:07',512),(19049,5,502,6,'2026-01-22 12:06:38','2026-01-23 03:01:20',519),(19065,5,505,6,'2026-01-22 12:06:38','2026-01-22 12:10:07',512),(19066,5,502,8,'2026-01-22 12:06:38','2026-01-23 03:07:50',558),(19074,5,502,5,'2026-01-22 12:06:38','2026-01-23 03:19:32',499),(19075,5,502,6,'2026-01-22 12:06:38','2026-01-23 03:20:21',505),(19078,5,541,5,'2026-01-22 12:06:38','2026-01-23 03:19:32',499),(19079,5,499,6,'2026-01-22 12:06:38','2026-01-23 03:09:59',571),(19080,5,512,5,'2026-01-22 12:06:38','2026-01-23 03:19:32',499),(19083,5,499,6,'2026-01-22 12:06:38','2026-01-23 03:09:59',571),(19085,5,499,7,'2026-01-22 12:06:38','2026-01-23 03:09:59',571),(19087,5,502,6,'2026-01-22 12:06:38','2026-01-22 12:10:07',512),(19092,5,502,NULL,'2026-01-22 12:06:39','2026-01-23 03:03:16',530),(19098,5,502,6,'2026-01-22 12:06:39','2026-01-23 03:20:21',505),(19099,5,499,NULL,'2026-01-22 12:06:39','2026-01-23 03:03:16',530),(19100,5,499,NULL,'2026-01-22 12:06:39','2026-01-23 03:20:21',505),(19102,5,499,8,'2026-01-22 12:06:39','2026-01-22 12:28:51',508),(19104,5,502,8,'2026-01-22 12:06:39','2026-01-23 03:10:29',574),(19105,5,501,6,'2026-01-22 12:06:39','2026-01-23 03:20:21',505),(19106,5,512,6,'2026-01-22 12:06:39','2026-01-23 03:20:21',505),(19115,5,530,5,'2026-01-22 12:06:39','2026-01-23 03:19:32',499),(19116,5,502,6,'2026-01-22 12:06:39','2026-01-23 03:20:21',505),(19119,5,499,NULL,'2026-01-22 12:06:39','2026-01-23 03:20:21',505),(19125,5,502,6,'2026-01-22 12:06:39','2026-01-23 03:20:21',505),(19127,5,505,6,'2026-01-22 12:06:39','2026-01-22 12:10:07',512),(19128,5,505,6,'2026-01-22 12:06:39','2026-01-22 12:10:07',512),(19131,5,505,6,'2026-01-22 12:06:39','2026-01-22 12:10:07',512),(19132,5,499,6,'2026-01-22 12:06:39','2026-01-22 12:10:07',512),(19135,5,525,6,'2026-01-22 12:06:39','2026-01-23 03:20:21',505),(19137,5,505,6,'2026-01-22 12:06:39','2026-01-22 12:10:07',512),(19143,5,502,6,'2026-01-22 12:06:39','2026-01-23 03:20:21',505),(19155,5,499,6,'2026-01-22 12:06:39','2026-01-23 03:20:21',505),(19156,5,499,6,'2026-01-22 12:06:39','2026-01-23 03:04:14',536),(19157,5,499,6,'2026-01-22 12:06:39','2026-01-23 03:05:20',543),(19162,5,499,NULL,'2026-01-22 12:06:39','2026-01-23 03:05:20',543),(19163,5,502,6,'2026-01-22 12:06:39','2026-01-23 03:20:21',505),(19164,5,502,8,'2026-01-22 12:06:39','2026-01-23 03:06:02',547),(19165,5,502,6,'2026-01-22 12:06:39','2026-01-23 03:20:21',505),(19166,5,502,6,'2026-01-22 12:06:39','2026-01-23 03:20:21',505),(19167,5,502,6,'2026-01-22 12:06:39','2026-01-23 03:20:21',505),(19180,5,502,6,'2026-01-22 12:06:40','2026-01-23 03:20:21',505),(19182,5,502,6,'2026-01-22 12:06:40','2026-01-23 03:20:21',505),(19184,5,499,NULL,'2026-01-22 12:06:40','2026-01-22 12:12:26',530),(19187,5,499,8,'2026-01-22 12:06:40','2026-01-23 03:06:28',550),(19190,5,502,6,'2026-01-22 12:06:40','2026-01-23 03:20:21',505),(19191,5,525,6,'2026-01-22 12:06:40','2026-01-23 03:20:21',505),(19193,5,525,6,'2026-01-22 12:06:40','2026-01-23 03:20:21',505),(19206,5,502,8,'2026-01-22 12:06:40','2026-01-23 03:18:59',504),(19208,5,502,5,'2026-01-22 12:06:40','2026-01-23 03:19:32',499),(19209,5,502,4,'2026-01-22 12:06:40','2026-01-23 03:14:40',599),(19211,5,502,6,'2026-01-22 12:06:40','2026-01-23 03:06:28',550),(19212,5,502,NULL,'2026-01-22 12:06:40','2026-01-23 03:07:50',558),(19218,5,500,6,'2026-01-22 12:06:40','2026-01-23 03:20:21',505),(19219,5,499,8,'2026-01-22 12:06:40','2026-01-23 03:03:16',530),(19224,5,499,NULL,'2026-01-22 12:06:40','2026-01-23 03:03:16',530),(19229,5,499,NULL,'2026-01-22 12:06:40','2026-01-23 03:19:43',508),(19234,5,499,NULL,'2026-01-22 12:06:40','2026-01-23 03:03:16',530),(19235,5,505,5,'2026-01-22 12:06:40','2026-01-23 03:19:32',499),(19236,5,505,5,'2026-01-22 12:06:40','2026-01-23 03:19:32',499),(19237,5,499,6,'2026-01-22 12:06:40','2026-01-23 03:06:02',547),(19240,5,499,6,'2026-01-22 12:06:40','2026-01-23 03:06:02',547),(19265,5,499,NULL,'2026-01-22 12:06:40','2026-01-23 03:03:16',530),(19268,5,499,6,'2026-01-22 12:06:40','2026-01-23 03:03:09',529),(19270,5,529,5,'2026-01-22 12:06:40','2026-01-23 03:19:32',499),(19271,5,502,5,'2026-01-22 12:06:40','2026-01-23 03:19:32',499),(19272,5,508,NULL,'2026-01-22 12:06:40','2026-01-23 03:12:01',583),(19275,5,502,6,'2026-01-22 12:06:41','2026-01-22 12:10:07',512),(19277,5,505,6,'2026-01-22 12:06:41','2026-01-23 03:00:33',512),(19281,5,502,NULL,'2026-01-22 12:06:41','2026-01-23 03:14:18',597),(19283,5,530,6,'2026-01-22 12:06:41','2026-01-22 12:10:07',512),(19289,5,512,8,'2026-01-22 12:06:41','2026-01-23 03:06:49',552),(19295,5,505,5,'2026-01-22 12:06:41','2026-01-23 03:19:32',499),(19316,5,500,NULL,'2026-01-22 12:06:41','2026-01-23 03:12:01',583),(19317,5,499,8,'2026-01-22 12:06:41','2026-01-23 03:01:28',520),(19318,5,499,4,'2026-01-22 12:06:41','2026-01-23 03:01:20',519),(19320,5,499,6,'2026-01-22 12:06:41','2026-01-22 12:10:07',512),(19321,5,499,NULL,'2026-01-22 12:06:41','2026-01-23 03:12:01',583),(19324,5,512,8,'2026-01-22 12:06:41','2026-01-23 03:06:49',552),(19325,5,499,6,'2026-01-22 12:06:41','2026-01-23 03:01:20',519),(19327,5,499,6,'2026-01-22 12:06:41','2026-01-23 03:03:18',531),(19336,5,499,6,'2026-01-22 12:06:41','2026-01-23 03:12:10',584),(19339,5,512,5,'2026-01-22 12:06:41','2026-01-23 03:19:32',499),(19340,5,499,NULL,'2026-01-22 12:06:41','2026-01-23 03:12:10',584),(19344,5,499,6,'2026-01-22 12:06:41','2026-01-23 03:20:21',505),(19346,5,502,6,'2026-01-22 12:06:41','2026-01-23 03:20:21',505),(19353,5,502,6,'2026-01-22 12:06:41','2026-01-23 03:00:33',512),(19356,5,502,NULL,'2026-01-22 12:06:41','2026-01-23 03:19:43',508),(19358,5,505,6,'2026-01-22 12:06:41','2026-01-22 12:10:07',512),(19363,5,499,7,'2026-01-22 12:06:41','2026-01-23 03:11:03',577),(19369,5,505,6,'2026-01-22 12:06:41','2026-01-23 03:00:33',512),(19373,5,499,6,'2026-01-22 12:06:42','2026-01-23 03:11:03',577),(19375,5,505,6,'2026-01-22 12:06:42','2026-01-23 03:00:33',512),(19376,5,505,6,'2026-01-22 12:06:42','2026-01-23 03:00:33',512),(19384,5,499,8,'2026-01-22 12:06:42','2026-01-23 03:12:01',583),(19388,5,505,6,'2026-01-22 12:06:42','2026-01-23 03:00:33',512),(19389,5,604,6,'2026-01-22 12:06:42','2026-01-23 03:00:33',512),(19390,5,567,6,'2026-01-22 12:06:42','2026-01-23 03:00:33',512),(19392,5,499,NULL,'2026-01-22 12:06:42','2026-01-23 03:12:01',583),(19412,5,499,NULL,'2026-01-22 12:06:42','2026-01-23 03:12:01',583),(19413,5,499,NULL,'2026-01-22 12:06:42','2026-01-23 03:16:08',608),(19432,5,499,6,'2026-01-22 12:06:42','2026-01-23 03:00:33',512),(19433,5,499,6,'2026-01-22 12:06:42','2026-01-23 03:00:33',512),(19434,5,499,NULL,'2026-01-22 12:06:42','2026-01-23 03:09:48',570),(19436,5,499,6,'2026-01-22 12:06:42','2026-01-23 03:09:48',570),(19439,5,517,NULL,'2026-01-22 12:06:42','2026-01-23 03:01:28',520),(19440,5,502,NULL,'2026-01-22 12:06:42','2026-01-23 03:01:28',520),(19456,5,512,6,'2026-01-22 12:06:42','2026-01-23 03:20:21',505),(19465,5,512,6,'2026-01-22 12:06:43','2026-01-23 03:20:21',505),(19466,5,499,NULL,'2026-01-22 12:06:43','2026-01-23 03:14:18',597),(19479,5,502,4,'2026-01-22 12:06:43','2026-01-23 03:03:16',530),(19480,5,502,NULL,'2026-01-22 12:06:43','2026-01-22 12:10:25',517),(19481,5,502,8,'2026-01-22 12:06:43','2026-01-23 03:03:48',534),(19488,5,505,6,'2026-01-22 12:06:43','2026-01-23 03:03:09',529),(19489,5,567,6,'2026-01-22 12:06:43','2026-01-23 03:00:33',512),(19507,5,499,NULL,'2026-01-22 12:06:43','2026-01-22 12:21:56',588),(19508,5,499,6,'2026-01-22 12:06:43','2026-01-23 03:20:21',505),(19509,5,499,6,'2026-01-22 12:06:43','2026-01-23 03:20:21',505),(19511,5,567,6,'2026-01-22 12:06:43','2026-01-23 03:00:33',512),(19520,5,517,8,'2026-01-22 12:06:43','2026-01-23 03:00:56',516),(19524,5,502,8,'2026-01-22 12:06:43','2026-01-23 03:03:48',534),(19530,5,499,NULL,'2026-01-22 12:06:43','2026-01-23 03:12:49',588),(19537,5,512,NULL,'2026-01-22 12:06:43','2026-01-23 03:14:40',599),(19538,5,502,8,'2026-01-22 12:06:43','2026-01-23 03:03:48',534),(19553,5,502,8,'2026-01-22 12:06:44','2026-01-23 03:14:40',599),(19557,5,502,6,'2026-01-22 12:06:44','2026-01-22 12:18:57',570),(19570,5,502,6,'2026-01-22 12:06:44','2026-01-23 03:20:21',505),(19571,5,502,6,'2026-01-22 12:06:44','2026-01-23 03:20:21',505),(19574,5,512,6,'2026-01-22 12:06:44','2026-01-23 03:20:21',505),(19580,5,512,6,'2026-01-22 12:06:44','2026-01-23 03:20:21',505),(19583,5,512,6,'2026-01-22 12:06:44','2026-01-23 03:20:21',505),(19584,5,516,6,'2026-01-22 12:06:44','2026-01-23 03:04:47',540),(19585,5,505,NULL,'2026-01-22 12:06:44','2026-01-22 12:10:25',517),(19590,5,512,6,'2026-01-22 12:06:44','2026-01-23 03:20:21',505),(19597,5,502,8,'2026-01-22 12:06:44','2026-01-23 03:03:16',530),(19598,5,502,NULL,'2026-01-22 12:06:44','2026-01-22 12:10:25',517),(19599,5,512,NULL,'2026-01-22 12:06:44','2026-01-22 12:10:25',517),(19601,5,502,8,'2026-01-22 12:06:44','2026-01-23 03:01:57',523),(19605,5,512,NULL,'2026-01-22 12:06:44','2026-01-22 12:10:25',517),(19606,5,502,NULL,'2026-01-22 12:06:44','2026-01-22 12:10:25',517),(19609,5,502,NULL,'2026-01-22 12:06:44','2026-01-23 03:03:16',530),(19610,5,500,6,'2026-01-22 12:06:44','2026-01-23 03:00:33',512),(19615,5,502,4,'2026-01-22 12:06:44','2026-01-23 03:13:30',592),(19616,5,499,NULL,'2026-01-22 12:06:44','2026-01-23 03:13:30',592),(19617,5,499,NULL,'2026-01-22 12:06:44','2026-01-23 03:01:49',522),(19619,5,499,7,'2026-01-22 12:06:44','2026-01-23 03:04:47',540),(19620,5,499,NULL,'2026-01-22 12:06:44','2026-01-23 03:14:40',599),(19623,5,502,6,'2026-01-22 12:06:44','2026-01-23 03:00:33',512),(19624,5,500,6,'2026-01-22 12:06:45','2026-01-23 03:00:33',512),(19635,5,505,5,'2026-01-22 12:06:45','2026-01-23 03:03:09',529),(19639,5,499,NULL,'2026-01-22 12:06:45','2026-01-23 03:15:29',604),(19642,5,499,NULL,'2026-01-22 12:06:45','2026-01-23 03:03:16',530),(19649,5,502,6,'2026-01-22 12:06:45','2026-01-23 03:20:21',505),(19650,5,502,8,'2026-01-22 12:06:45','2026-01-23 03:01:28',520),(19653,5,502,NULL,'2026-01-22 12:06:45','2026-01-23 03:01:28',520),(19660,5,500,NULL,'2026-01-22 12:06:45','2026-01-23 03:14:40',599),(19663,5,512,9,'2026-01-22 12:06:45','2026-01-23 03:15:29',604),(19669,5,502,NULL,'2026-01-22 12:06:45','2026-01-23 03:01:28',520),(19672,5,502,NULL,'2026-01-22 12:06:45','2026-01-23 03:01:28',520),(19673,5,512,NULL,'2026-01-22 12:06:45','2026-01-23 03:01:28',520),(19678,5,517,6,'2026-01-22 12:06:45','2026-01-23 03:00:33',512),(19680,5,499,6,'2026-01-22 12:06:45','2026-01-23 03:20:21',505),(19684,5,499,7,'2026-01-22 12:06:45','2026-01-23 03:12:49',588),(19691,5,512,NULL,'2026-01-22 12:06:45','2026-01-23 03:13:30',592),(19695,5,502,6,'2026-01-22 12:06:45','2026-01-23 03:20:21',505),(19696,5,505,6,'2026-01-22 12:06:45','2026-01-23 03:00:33',512),(19697,5,505,6,'2026-01-22 12:06:45','2026-01-23 03:00:33',512),(19698,5,500,6,'2026-01-22 12:06:45','2026-01-23 03:00:33',512),(19705,5,501,6,'2026-01-22 12:06:45','2026-01-23 03:00:33',512),(19706,5,512,6,'2026-01-22 12:06:45','2026-01-23 03:20:21',505),(19707,5,512,6,'2026-01-22 12:06:45','2026-01-23 03:20:21',505),(19709,5,505,6,'2026-01-22 12:06:45','2026-01-23 03:00:33',512),(19710,5,505,6,'2026-01-22 12:06:46','2026-01-22 12:10:07',512),(19713,5,505,6,'2026-01-22 12:06:46','2026-01-23 03:00:33',512),(19716,5,505,6,'2026-01-22 12:06:46','2026-01-23 03:00:33',512),(19717,5,505,6,'2026-01-22 12:06:46','2026-01-22 12:10:07',512),(19724,5,499,NULL,'2026-01-22 12:06:46','2026-01-23 03:03:16',530),(19725,5,512,6,'2026-01-22 12:06:46','2026-01-23 03:13:30',592),(19726,5,499,NULL,'2026-01-22 12:06:46','2026-01-23 03:13:30',592),(19727,5,499,7,'2026-01-22 12:06:46','2026-01-23 03:13:30',592),(19731,5,512,NULL,'2026-01-22 12:06:46','2026-01-23 03:15:29',604),(19734,5,499,NULL,'2026-01-22 12:06:46','2026-01-23 03:15:29',604),(19736,5,502,6,'2026-01-22 12:06:46','2026-01-23 03:09:02',565),(19739,5,499,6,'2026-01-22 12:06:46','2026-01-22 12:10:07',512),(19743,5,499,6,'2026-01-22 12:06:46','2026-01-22 12:10:07',512),(19744,5,500,6,'2026-01-22 12:06:46','2026-01-22 12:10:07',512),(19747,5,502,6,'2026-01-22 12:06:46','2026-01-22 12:10:07',512),(19748,5,500,6,'2026-01-22 12:06:46','2026-01-22 12:10:07',512),(19751,5,500,6,'2026-01-22 12:06:46','2026-01-22 12:10:07',512),(19753,5,499,6,'2026-01-22 12:06:46','2026-01-22 12:10:07',512),(19755,5,499,NULL,'2026-01-22 12:06:46','2026-01-23 03:02:07',524),(19757,5,499,6,'2026-01-22 12:06:46','2026-01-22 12:10:07',512),(19759,5,499,NULL,'2026-01-22 12:06:46','2026-01-22 12:11:15',524),(19762,5,530,NULL,'2026-01-22 12:06:46','2026-01-23 03:02:07',524),(19763,5,500,6,'2026-01-22 12:06:46','2026-01-22 12:10:07',512),(19765,5,500,6,'2026-01-22 12:06:46','2026-01-22 12:10:07',512),(19767,5,500,6,'2026-01-22 12:06:46','2026-01-22 12:10:07',512),(19770,5,502,6,'2026-01-22 12:06:46','2026-01-23 03:20:21',505),(19771,5,502,8,'2026-01-22 12:06:46','2026-01-23 03:03:16',530),(19775,5,558,NULL,'2026-01-22 12:06:46','2026-01-23 03:02:36',527),(19781,5,499,7,'2026-01-22 12:06:46','2026-01-23 03:02:07',524),(19782,5,502,6,'2026-01-22 12:06:46','2026-01-23 03:20:21',505),(19785,5,558,NULL,'2026-01-22 12:06:46','2026-01-23 03:11:40',581),(19795,5,500,6,'2026-01-22 12:06:47','2026-01-23 03:20:21',505),(19796,5,512,6,'2026-01-22 12:06:47','2026-01-23 03:20:21',505),(19800,5,499,6,'2026-01-22 12:06:47','2026-01-23 03:13:30',592),(19803,5,541,6,'2026-01-22 12:06:47','2026-01-22 12:10:07',512),(19804,5,501,6,'2026-01-22 12:06:47','2026-01-22 12:10:07',512),(19805,5,502,NULL,'2026-01-22 12:06:47','2026-01-22 12:10:25',517),(19809,5,501,6,'2026-01-22 12:06:47','2026-01-22 12:10:07',512),(19812,5,500,6,'2026-01-22 12:06:47','2026-01-22 12:10:07',512),(19813,5,505,6,'2026-01-22 12:06:47','2026-01-22 12:10:07',512),(19815,5,541,6,'2026-01-22 12:06:47','2026-01-22 12:10:07',512),(19816,5,516,NULL,'2026-01-22 12:06:47','2026-01-22 12:10:25',517),(19818,5,512,6,'2026-01-22 12:06:47','2026-01-23 03:20:21',505),(19820,5,512,6,'2026-01-22 12:06:47','2026-01-23 03:20:21',505),(19827,5,502,6,'2026-01-22 12:06:47','2026-01-23 03:20:21',505),(19829,5,502,NULL,'2026-01-22 12:06:47','2026-01-23 03:11:40',581),(19831,5,604,NULL,'2026-01-22 12:06:47','2026-01-22 12:10:25',517),(19832,5,502,NULL,'2026-01-22 12:06:47','2026-01-23 03:11:40',581),(19836,5,502,6,'2026-01-22 12:06:47','2026-01-23 03:20:21',505),(19838,5,564,6,'2026-01-22 12:06:47','2026-01-23 03:00:33',512),(19841,5,502,6,'2026-01-22 12:06:47','2026-01-23 03:20:21',505),(19842,5,502,6,'2026-01-22 12:06:47','2026-01-23 03:20:21',505),(19844,5,502,6,'2026-01-22 12:06:47','2026-01-23 03:20:21',505),(19848,5,512,6,'2026-01-22 12:06:47','2026-01-23 03:20:21',505),(19850,5,512,NULL,'2026-01-22 12:06:47','2026-01-22 12:10:25',517),(19851,5,502,NULL,'2026-01-22 12:06:47','2026-01-22 12:10:25',517),(19854,5,541,6,'2026-01-22 12:06:47','2026-01-23 03:20:21',505),(19858,5,527,8,'2026-01-22 12:06:47','2026-01-23 03:07:50',558),(19859,5,529,6,'2026-01-22 12:06:47','2026-01-23 03:20:21',505),(19860,5,529,6,'2026-01-22 12:06:47','2026-01-23 03:20:21',505),(19861,5,502,8,'2026-01-22 12:06:47','2026-01-23 03:07:50',558),(19863,5,502,NULL,'2026-01-22 12:06:47','2026-01-22 12:10:25',517),(19869,5,516,NULL,'2026-01-22 12:06:48','2026-01-22 12:10:25',517),(19871,5,517,NULL,'2026-01-22 12:06:48','2026-01-23 03:15:29',604),(19875,5,502,8,'2026-01-22 12:06:48','2026-01-23 03:10:48',575),(19878,5,501,6,'2026-01-22 12:06:48','2026-01-23 03:00:33',512),(19884,5,522,6,'2026-01-22 12:06:48','2026-01-23 03:13:48',594),(19887,5,502,8,'2026-01-22 12:06:48','2026-01-23 03:00:56',516),(19893,5,500,6,'2026-01-22 12:06:48','2026-01-23 03:00:33',512),(19895,5,500,6,'2026-01-22 12:06:48','2026-01-22 12:10:07',512),(19899,5,567,6,'2026-01-22 12:06:48','2026-01-23 03:20:21',505),(19902,5,502,8,'2026-01-22 12:06:48','2026-01-23 03:00:56',516),(19903,5,517,6,'2026-01-22 12:06:48','2026-01-23 03:20:21',505),(19906,5,499,6,'2026-01-22 12:06:48','2026-01-23 03:20:21',505),(19907,5,499,NULL,'2026-01-22 12:06:48','2026-01-23 03:00:56',516),(19913,5,502,6,'2026-01-22 12:06:48','2026-01-23 03:20:21',505),(19914,5,500,6,'2026-01-22 12:06:48','2026-01-23 03:20:21',505),(19915,5,529,6,'2026-01-22 12:06:48','2026-01-23 03:20:21',505),(19916,5,514,6,'2026-01-22 12:06:48','2026-01-23 03:20:21',505),(19917,5,501,6,'2026-01-22 12:06:48','2026-01-23 03:20:21',505),(19918,5,512,6,'2026-01-22 12:06:48','2026-01-23 03:20:21',505),(19923,5,512,7,'2026-01-22 12:06:48','2026-01-23 03:07:50',558),(19929,5,512,7,'2026-01-22 12:06:48','2026-01-22 12:16:58',558),(19933,5,500,6,'2026-01-22 12:06:48','2026-01-22 12:10:07',512),(19942,5,502,8,'2026-01-22 12:06:48','2026-01-23 03:07:50',558),(19945,5,500,5,'2026-01-22 12:06:48','2026-01-23 03:03:09',529),(19946,5,502,8,'2026-01-22 12:06:48','2026-01-23 03:00:56',516),(19950,5,502,8,'2026-01-22 12:06:48','2026-01-23 03:07:50',558),(19962,5,499,NULL,'2026-01-22 12:06:49','2026-01-23 03:09:02',565),(19963,5,502,8,'2026-01-22 12:06:49','2026-01-23 03:00:56',516),(19971,5,500,NULL,'2026-01-22 12:06:49','2026-01-22 12:18:06',565),(19973,5,499,NULL,'2026-01-22 12:06:49','2026-01-23 03:09:02',565),(19974,5,499,6,'2026-01-22 12:06:49','2026-01-22 12:10:07',512),(19975,5,499,6,'2026-01-22 12:06:49','2026-01-22 12:10:07',512),(19977,5,505,6,'2026-01-22 12:06:49','2026-01-22 12:10:07',512),(19978,5,505,6,'2026-01-22 12:06:49','2026-01-22 12:10:07',512),(19979,5,512,NULL,'2026-01-22 12:06:49','2026-01-23 03:10:48',575),(19987,5,502,5,'2026-01-22 12:06:49','2026-01-23 03:19:43',508),(19989,5,514,6,'2026-01-22 12:06:49','2026-01-23 03:20:21',505),(19991,5,512,6,'2026-01-22 12:06:49','2026-01-23 03:20:21',505),(19996,5,576,NULL,'2026-01-22 12:06:49','2026-01-23 03:18:57',502),(19998,5,500,6,'2026-01-22 12:06:49','2026-01-22 12:10:07',512),(20002,5,501,6,'2026-01-22 12:06:49','2026-01-22 12:10:07',512),(20004,5,501,6,'2026-01-22 12:06:49','2026-01-22 12:10:07',512),(20007,5,502,8,'2026-01-22 12:06:49','2026-01-23 03:06:02',547),(20012,5,501,6,'2026-01-22 12:06:49','2026-01-23 03:20:21',505),(20014,5,501,6,'2026-01-22 12:06:49','2026-01-23 03:20:21',505),(20018,5,512,6,'2026-01-22 12:06:49','2026-01-23 03:20:21',505),(20019,5,541,6,'2026-01-22 12:06:49','2026-01-23 03:20:21',505),(20020,5,541,6,'2026-01-22 12:06:49','2026-01-23 03:20:21',505),(20025,5,501,6,'2026-01-22 12:06:49','2026-01-23 03:20:21',505),(20027,5,501,6,'2026-01-22 12:06:49','2026-01-23 03:20:21',505),(20031,5,501,6,'2026-01-22 12:06:49','2026-01-23 03:20:21',505),(20034,5,512,6,'2026-01-22 12:06:49','2026-01-23 03:20:21',505),(20035,5,501,6,'2026-01-22 12:06:49','2026-01-23 03:20:21',505),(20036,5,500,6,'2026-01-22 12:06:49','2026-01-23 03:20:21',505),(20037,5,512,6,'2026-01-22 12:06:49','2026-01-23 03:20:21',505),(20038,5,501,6,'2026-01-22 12:06:49','2026-01-23 03:20:21',505),(20041,5,501,6,'2026-01-22 12:06:49','2026-01-23 03:20:21',505),(20042,5,512,6,'2026-01-22 12:06:49','2026-01-23 03:20:21',505),(20043,5,500,6,'2026-01-22 12:06:49','2026-01-23 03:20:21',505),(20053,5,502,8,'2026-01-22 12:06:49','2026-01-23 03:03:59',535),(20054,5,517,9,'2026-01-22 12:06:49','2026-01-23 03:10:51',576),(20055,5,541,6,'2026-01-22 12:06:50','2026-01-23 03:20:21',505),(20056,5,516,8,'2026-01-22 12:06:50','2026-01-23 03:10:51',576),(20057,5,499,6,'2026-01-22 12:06:50','2026-01-23 03:00:33',512),(20063,5,517,NULL,'2026-01-22 12:06:50','2026-01-23 03:10:51',576),(20073,5,512,6,'2026-01-22 12:06:50','2026-01-23 03:20:21',505),(20075,5,501,6,'2026-01-22 12:06:50','2026-01-23 03:20:21',505),(20079,5,512,6,'2026-01-22 12:06:50','2026-01-23 03:20:21',505),(20093,5,505,5,'2026-01-22 12:06:50','2026-01-23 03:19:32',499),(20096,5,567,7,'2026-01-22 12:06:50','2026-01-23 03:06:02',547),(20099,5,502,NULL,'2026-01-22 12:06:50','2026-01-22 12:21:37',586),(20101,5,499,7,'2026-01-22 12:06:50','2026-01-23 03:03:18',531),(20105,5,567,8,'2026-01-22 12:06:50','2026-01-23 03:06:02',547),(20116,5,502,5,'2026-01-22 12:06:50','2026-01-23 03:19:32',499),(20124,5,567,6,'2026-01-22 12:06:50','2026-01-23 03:00:33',512),(20127,5,502,6,'2026-01-22 12:06:50','2026-01-22 12:10:07',512),(20128,5,502,6,'2026-01-22 12:06:50','2026-01-22 12:10:07',512),(20134,5,541,5,'2026-01-22 12:06:50','2026-01-23 03:19:32',499),(20139,5,541,7,'2026-01-22 12:06:50','2026-01-23 03:15:38',605),(20146,5,529,6,'2026-01-22 12:06:50','2026-01-23 03:20:21',505),(20147,5,541,6,'2026-01-22 12:06:50','2026-01-23 03:20:21',505),(20149,5,512,6,'2026-01-22 12:06:50','2026-01-23 03:20:21',505),(20151,5,512,6,'2026-01-22 12:06:50','2026-01-23 03:20:21',505),(20153,5,512,6,'2026-01-22 12:06:50','2026-01-23 03:20:21',505),(20165,5,502,8,'2026-01-22 12:06:51','2026-01-23 03:15:38',605),(20169,5,512,6,'2026-01-22 12:06:51','2026-01-23 03:20:21',505),(20171,5,501,6,'2026-01-22 12:06:51','2026-01-23 03:20:21',505),(20172,5,501,6,'2026-01-22 12:06:51','2026-01-23 03:20:21',505),(20173,5,502,NULL,'2026-01-22 12:06:51','2026-01-23 03:10:48',575),(20179,5,501,6,'2026-01-22 12:06:51','2026-01-23 03:20:21',505),(20180,5,501,6,'2026-01-22 12:06:51','2026-01-23 03:20:21',505),(20181,5,502,6,'2026-01-22 12:06:51','2026-01-23 03:16:59',613),(20182,5,502,9,'2026-01-22 12:06:51','2026-01-23 03:10:48',575),(20186,5,501,6,'2026-01-22 12:06:51','2026-01-23 03:20:21',505),(20192,5,501,6,'2026-01-22 12:06:51','2026-01-23 03:20:21',505),(20193,5,512,6,'2026-01-22 12:06:51','2026-01-23 03:20:21',505),(20194,5,567,6,'2026-01-22 12:06:51','2026-01-23 03:20:21',505),(20197,5,505,6,'2026-01-22 12:06:51','2026-01-23 03:00:33',512),(20201,5,501,6,'2026-01-22 12:06:51','2026-01-23 03:20:21',505),(20204,5,500,6,'2026-01-22 12:06:51','2026-01-23 03:20:21',505),(20205,5,500,6,'2026-01-22 12:06:51','2026-01-23 03:20:21',505),(20206,5,541,6,'2026-01-22 12:06:51','2026-01-23 03:20:21',505),(20207,5,501,6,'2026-01-22 12:06:51','2026-01-23 03:20:21',505),(20208,5,541,6,'2026-01-22 12:06:51','2026-01-23 03:20:21',505),(20209,5,505,6,'2026-01-22 12:06:51','2026-01-22 12:10:07',512),(20216,5,502,6,'2026-01-22 12:06:51','2026-01-23 03:20:21',505),(20225,5,499,6,'2026-01-22 12:06:51','2026-01-23 03:20:21',505),(20227,5,499,6,'2026-01-22 12:06:51','2026-01-22 12:10:07',512),(20228,5,541,6,'2026-01-22 12:06:51','2026-01-23 03:01:15',517),(20230,5,500,6,'2026-01-22 12:06:51','2026-01-23 03:20:21',505),(20231,5,502,8,'2026-01-22 12:06:51','2026-01-23 03:10:48',575),(20235,5,502,9,'2026-01-22 12:06:51','2026-01-23 03:09:30',568),(20237,5,505,6,'2026-01-22 12:06:51','2026-01-23 03:01:15',517),(20239,5,505,6,'2026-01-22 12:06:51','2026-01-23 03:01:15',517),(20240,5,505,6,'2026-01-22 12:06:51','2026-01-23 03:01:15',517),(20241,5,567,6,'2026-01-22 12:06:51','2026-01-23 03:01:15',517),(20246,5,541,6,'2026-01-22 12:06:51','2026-01-23 03:01:15',517),(20247,5,541,6,'2026-01-22 12:06:51','2026-01-23 03:01:15',517),(20249,5,541,6,'2026-01-22 12:06:51','2026-01-23 03:01:15',517),(20250,5,505,6,'2026-01-22 12:06:51','2026-01-23 03:01:15',517),(20251,5,541,6,'2026-01-22 12:06:51','2026-01-23 03:01:15',517),(20252,5,567,6,'2026-01-22 12:06:51','2026-01-23 03:01:15',517),(20253,5,505,6,'2026-01-22 12:06:51','2026-01-23 03:01:15',517),(20254,5,516,NULL,'2026-01-22 12:06:51','2026-01-22 12:10:25',517),(20255,5,567,6,'2026-01-22 12:06:51','2026-01-23 03:01:15',517),(20257,5,541,6,'2026-01-22 12:06:52','2026-01-23 03:01:15',517),(20258,5,505,6,'2026-01-22 12:06:52','2026-01-23 03:01:15',517),(20259,5,541,6,'2026-01-22 12:06:52','2026-01-23 03:01:15',517),(20260,5,505,6,'2026-01-22 12:06:52','2026-01-23 03:01:15',517),(20261,5,541,6,'2026-01-22 12:06:52','2026-01-23 03:01:15',517),(20262,5,505,6,'2026-01-22 12:06:52','2026-01-23 03:01:15',517),(20263,5,541,6,'2026-01-22 12:06:52','2026-01-23 03:01:15',517),(20271,5,499,6,'2026-01-22 12:06:52','2026-01-22 12:10:07',512),(20272,5,567,6,'2026-01-22 12:06:52','2026-01-23 03:01:15',517),(20282,5,505,6,'2026-01-22 12:06:52','2026-01-23 03:00:33',512),(20284,5,500,6,'2026-01-22 12:06:52','2026-01-22 12:10:07',512),(20286,5,500,6,'2026-01-22 12:06:52','2026-01-22 12:10:07',512),(20287,5,512,6,'2026-01-22 12:06:52','2026-01-23 03:01:15',517),(20288,5,505,6,'2026-01-22 12:06:52','2026-01-23 03:01:15',517),(20289,5,512,6,'2026-01-22 12:06:52','2026-01-23 03:01:15',517),(20290,5,505,6,'2026-01-22 12:06:52','2026-01-23 03:01:15',517),(20291,5,505,6,'2026-01-22 12:06:52','2026-01-23 03:01:15',517),(20296,5,502,8,'2026-01-22 12:06:52','2026-01-23 03:02:48',528),(20298,5,508,6,'2026-01-22 12:06:52','2026-01-23 03:00:33',512),(20303,5,500,6,'2026-01-22 12:06:52','2026-01-23 03:00:33',512),(20305,5,500,NULL,'2026-01-22 12:06:52','2026-01-23 03:09:02',565),(20310,5,502,5,'2026-01-22 12:06:52','2026-01-23 03:03:09',529),(20317,5,499,6,'2026-01-22 12:06:52','2026-01-22 12:10:07',512),(20325,5,499,6,'2026-01-22 12:06:52','2026-01-23 03:00:33',512),(20328,5,500,6,'2026-01-22 12:06:52','2026-01-23 03:00:33',512),(20331,5,502,6,'2026-01-22 12:06:52','2026-01-22 12:10:07',512),(20334,5,500,6,'2026-01-22 12:06:52','2026-01-22 12:10:07',512),(20335,5,500,6,'2026-01-22 12:06:52','2026-01-23 03:00:33',512),(20337,5,567,5,'2026-01-22 12:06:52','2026-01-23 03:19:32',499),(20340,5,512,5,'2026-01-22 12:06:52','2026-01-23 03:19:32',499),(20342,5,502,5,'2026-01-22 12:06:52','2026-01-23 03:19:32',499),(20347,5,499,6,'2026-01-22 12:06:52','2026-01-23 03:00:33',512),(20348,5,499,6,'2026-01-22 12:06:52','2026-01-22 12:10:07',512),(20350,5,502,8,'2026-01-22 12:06:52','2026-01-23 03:04:20',537),(20352,5,512,NULL,'2026-01-22 12:06:52','2026-01-22 12:21:37',586),(20357,5,529,8,'2026-01-22 12:06:53','2026-01-23 03:20:21',505),(20366,5,499,6,'2026-01-22 12:06:53','2026-01-23 03:00:33',512),(20368,5,499,6,'2026-01-22 12:06:53','2026-01-22 12:10:07',512),(20372,5,505,6,'2026-01-22 12:06:53','2026-01-23 03:00:33',512),(20373,5,505,6,'2026-01-22 12:06:53','2026-01-22 12:10:07',512),(20374,5,500,5,'2026-01-22 12:06:53','2026-01-23 03:19:32',499),(20390,5,501,5,'2026-01-22 12:06:53','2026-01-23 03:19:32',499),(20391,5,502,6,'2026-01-22 12:06:53','2026-01-23 03:00:33',512),(20394,5,500,6,'2026-01-22 12:06:53','2026-01-22 12:10:07',512),(20395,5,502,5,'2026-01-22 12:06:53','2026-01-23 03:19:32',499),(20396,5,502,6,'2026-01-22 12:06:53','2026-01-22 12:10:07',512),(20398,5,500,6,'2026-01-22 12:06:53','2026-01-22 12:10:07',512),(20404,5,499,7,'2026-01-22 12:06:53','2026-01-23 03:19:43',508),(20405,5,500,6,'2026-01-22 12:06:53','2026-01-22 12:10:07',512),(20406,5,505,6,'2026-01-22 12:06:53','2026-01-22 12:10:07',512),(20407,5,501,6,'2026-01-22 12:06:53','2026-01-22 12:10:07',512),(20410,5,505,6,'2026-01-22 12:06:53','2026-01-22 12:10:07',512),(20411,5,502,6,'2026-01-22 12:06:53','2026-01-22 12:10:07',512),(20414,5,501,6,'2026-01-22 12:06:53','2026-01-22 12:10:07',512),(20422,5,499,6,'2026-01-22 12:06:53','2026-01-23 03:00:33',512),(20423,5,499,6,'2026-01-22 12:06:53','2026-01-22 12:10:07',512),(20424,5,502,8,'2026-01-22 12:06:53','2026-01-23 03:00:33',512),(20425,5,500,8,'2026-01-22 12:06:53','2026-01-22 12:10:07',512),(20427,5,500,6,'2026-01-22 12:06:53','2026-01-23 03:20:21',505),(20431,5,500,6,'2026-01-22 12:06:53','2026-01-22 12:10:07',512),(20433,5,502,6,'2026-01-22 12:06:53','2026-01-23 03:00:33',512),(20436,5,502,9,'2026-01-22 12:06:53','2026-01-23 03:00:56',516),(20442,5,502,6,'2026-01-22 12:06:53','2026-01-22 12:10:07',512),(20443,5,502,8,'2026-01-22 12:06:53','2026-01-23 03:00:56',516),(20451,5,505,NULL,'2026-01-22 12:06:53','2026-01-22 12:27:58',502),(20464,5,502,8,'2026-01-22 12:06:54','2026-01-23 03:11:09',578),(20465,5,502,6,'2026-01-22 12:06:54','2026-01-23 03:03:09',529),(20466,5,502,8,'2026-01-22 12:06:54','2026-01-23 03:11:09',578),(20469,5,502,8,'2026-01-22 12:06:54','2026-01-23 03:04:38',539),(20479,5,502,6,'2026-01-22 12:06:54','2026-01-23 03:16:59',613),(20480,5,505,NULL,'2026-01-22 12:06:54','2026-01-22 12:27:58',502),(20481,5,505,NULL,'2026-01-22 12:06:54','2026-01-22 12:27:58',502),(20494,5,529,6,'2026-01-22 12:06:54','2026-01-23 03:01:15',517),(20496,5,501,6,'2026-01-22 12:06:54','2026-01-23 03:01:15',517),(20509,5,502,5,'2026-01-22 12:06:54','2026-01-23 03:03:09',529),(20513,5,502,6,'2026-01-22 12:06:54','2026-01-23 03:16:59',613),(20517,5,502,8,'2026-01-22 12:06:54','2026-01-23 03:11:09',578),(20523,5,505,6,'2026-01-22 12:06:54','2026-01-23 03:03:09',529),(20525,5,500,5,'2026-01-22 12:06:54','2026-01-23 03:19:32',499),(20526,5,502,8,'2026-01-22 12:06:54','2026-01-23 03:17:09',614),(20527,5,502,6,'2026-01-22 12:06:54','2026-01-23 03:03:09',529),(20528,5,502,8,'2026-01-22 12:06:54','2026-01-23 03:19:32',499),(20533,5,529,8,'2026-01-22 12:06:54','2026-01-23 03:19:32',499),(20538,5,529,NULL,'2026-01-22 12:06:54','2026-01-23 03:16:08',608),(20543,5,505,NULL,'2026-01-22 12:06:54','2026-01-22 12:10:25',517),(20544,5,502,9,'2026-01-22 12:06:54','2026-01-23 03:00:56',516),(20549,5,502,NULL,'2026-01-22 12:06:54','2026-01-22 12:10:25',517),(20562,5,502,NULL,'2026-01-22 12:06:55','2026-01-22 12:10:25',517),(20574,5,512,NULL,'2026-01-22 12:06:55','2026-01-23 03:10:48',575),(20576,5,499,6,'2026-01-22 12:06:55','2026-01-23 03:03:09',529),(20597,5,502,8,'2026-01-22 12:06:55','2026-01-22 12:10:07',512),(20601,5,502,6,'2026-01-22 12:06:55','2026-01-22 12:10:07',512),(20605,5,502,NULL,'2026-01-22 12:06:55','2026-01-23 03:10:48',575),(20609,5,529,NULL,'2026-01-22 12:06:55','2026-01-23 03:10:48',575),(20615,5,502,6,'2026-01-22 12:06:55','2026-01-23 03:03:09',529),(20617,5,502,5,'2026-01-22 12:06:55','2026-01-23 03:19:32',499),(20621,5,529,5,'2026-01-22 12:06:56','2026-01-23 03:19:32',499),(20627,5,512,NULL,'2026-01-22 12:06:56','2026-01-23 03:18:57',502),(20632,5,512,NULL,'2026-01-22 12:06:56','2026-01-23 03:18:57',502),(20634,5,567,5,'2026-01-22 12:06:56','2026-01-23 03:03:09',529),(20635,5,567,NULL,'2026-01-22 12:06:56','2026-01-23 03:18:57',502),(20639,5,512,5,'2026-01-22 12:06:56','2026-01-23 03:03:09',529),(20642,5,529,NULL,'2026-01-22 12:06:56','2026-01-23 03:13:12',590),(20646,5,567,NULL,'2026-01-22 12:06:56','2026-01-23 03:18:57',502),(20657,5,557,NULL,'2026-01-22 12:06:56','2026-01-23 03:17:09',614),(20672,5,502,9,'2026-01-22 12:06:56','2026-01-23 03:10:19',572),(20674,5,502,NULL,'2026-01-22 12:06:56','2026-01-23 03:10:19',572),(20676,5,502,NULL,'2026-01-22 12:06:56','2026-01-22 12:19:20',572),(20678,5,502,NULL,'2026-01-22 12:06:56','2026-01-23 03:10:19',572),(20680,5,502,5,'2026-01-22 12:06:56','2026-01-23 03:19:32',499),(20681,5,502,8,'2026-01-22 12:06:56','2026-01-22 12:28:51',508),(20688,5,502,8,'2026-01-22 12:06:56','2026-01-23 03:10:19',572),(20689,5,502,5,'2026-01-22 12:06:56','2026-01-23 03:19:32',499),(20693,5,502,8,'2026-01-22 12:06:56','2026-01-23 03:10:19',572),(20715,5,502,8,'2026-01-22 12:06:57','2026-01-23 03:10:19',572),(20717,5,502,NULL,'2026-01-22 12:06:57','2026-01-23 03:10:19',572),(20719,5,502,NULL,'2026-01-22 12:06:57','2026-01-23 03:10:19',572),(20729,5,557,NULL,'2026-01-22 12:06:57','2026-01-23 03:10:19',572),(20731,5,557,NULL,'2026-01-22 12:06:57','2026-01-23 03:10:19',572),(20732,5,557,7,'2026-01-22 12:06:57','2026-01-23 03:03:09',529),(20735,5,557,NULL,'2026-01-22 12:06:57','2026-01-23 03:01:15',517),(20739,5,502,NULL,'2026-01-22 12:06:57','2026-01-22 12:10:25',517),(20750,5,502,8,'2026-01-22 12:06:57','2026-01-23 03:20:21',505),(20751,5,502,NULL,'2026-01-22 12:06:57','2026-01-22 12:10:25',517),(20757,5,502,9,'2026-01-22 12:06:57','2026-01-23 03:00:56',516),(20771,5,499,NULL,'2026-01-22 12:06:57','2026-01-23 03:13:12',590),(20772,5,614,NULL,'2026-01-22 12:06:57','2026-01-23 03:13:12',590),(20775,5,501,NULL,'2026-01-22 12:06:57','2026-01-23 03:01:15',517),(20778,5,502,NULL,'2026-01-22 12:06:57','2026-01-23 03:01:15',517),(20783,5,499,6,'2026-01-22 12:06:58','2026-01-23 03:05:28',544),(20784,5,499,8,'2026-01-22 12:06:58','2026-01-22 12:17:14',557),(20785,5,499,NULL,'2026-01-22 12:06:58','2026-01-23 03:01:15',517),(20790,5,501,NULL,'2026-01-22 12:06:58','2026-01-23 03:01:15',517),(20792,5,500,NULL,'2026-01-22 12:06:58','2026-01-22 12:10:25',517),(20794,5,567,8,'2026-01-22 12:06:58','2026-01-22 12:17:14',557),(20795,5,512,NULL,'2026-01-22 12:06:58','2026-01-22 12:10:25',517),(20796,5,512,NULL,'2026-01-22 12:06:58','2026-01-22 12:10:25',517),(20803,5,502,8,'2026-01-22 12:06:58','2026-01-23 03:19:32',499),(20806,5,500,6,'2026-01-22 12:06:58','2026-01-22 12:10:07',512),(20808,5,500,6,'2026-01-22 12:06:58','2026-01-22 12:10:07',512),(20809,5,502,8,'2026-01-22 12:06:58','2026-01-22 12:28:51',508),(20813,5,505,8,'2026-01-22 12:06:58','2026-01-23 03:19:32',499),(20821,5,500,6,'2026-01-22 12:06:58','2026-01-22 12:10:07',512),(20823,5,512,5,'2026-01-22 12:06:58','2026-01-23 03:03:09',529),(20824,5,502,8,'2026-01-22 12:06:58','2026-01-23 03:19:32',499),(20825,5,512,NULL,'2026-01-22 12:06:58','2026-01-22 12:27:58',502),(20833,5,529,5,'2026-01-22 12:06:58','2026-01-23 03:19:32',499),(20844,5,499,7,'2026-01-22 12:06:58','2026-01-23 03:05:28',544),(20847,5,502,8,'2026-01-22 12:06:58','2026-01-23 03:19:32',499),(20862,5,567,6,'2026-01-22 12:06:59','2026-01-23 03:03:09',529),(20866,5,499,NULL,'2026-01-22 12:06:59','2026-01-22 12:27:58',502),(20868,5,529,NULL,'2026-01-22 12:06:59','2026-01-23 03:18:57',502),(20873,5,502,8,'2026-01-22 12:06:59','2026-01-23 03:00:37',515),(20876,5,567,NULL,'2026-01-22 12:06:59','2026-01-22 12:27:42',501),(20877,5,567,NULL,'2026-01-22 12:06:59','2026-01-23 03:18:43',501),(20881,5,529,NULL,'2026-01-22 12:06:59','2026-01-22 12:27:58',502),(20884,5,500,5,'2026-01-22 12:06:59','2026-01-23 03:19:32',499),(20887,5,502,8,'2026-01-22 12:06:59','2026-01-22 12:10:03',516),(20889,5,529,NULL,'2026-01-22 12:06:59','2026-01-23 03:18:57',502),(20890,5,502,8,'2026-01-22 12:06:59','2026-01-23 03:03:59',535),(20897,5,567,6,'2026-01-22 12:06:59','2026-01-23 03:03:09',529),(20898,5,505,5,'2026-01-22 12:06:59','2026-01-23 03:03:09',529),(20899,5,567,5,'2026-01-22 12:06:59','2026-01-23 03:03:09',529),(20900,5,502,6,'2026-01-22 12:06:59','2026-01-22 12:13:05',535),(20902,5,567,5,'2026-01-22 12:06:59','2026-01-23 03:03:09',529),(20903,5,505,5,'2026-01-22 12:06:59','2026-01-23 03:03:09',529),(20907,5,505,NULL,'2026-01-22 12:06:59','2026-01-23 03:07:08',554),(20910,5,517,7,'2026-01-22 12:06:59','2026-01-22 12:28:51',508),(20913,5,499,6,'2026-01-22 12:06:59','2026-01-23 03:03:50',533),(20926,5,500,8,'2026-01-22 12:06:59','2026-01-23 03:20:21',505),(20934,5,512,6,'2026-01-22 12:06:59','2026-01-23 03:03:09',529),(20950,5,502,NULL,'2026-01-22 12:06:59','2026-01-23 03:13:12',590),(20951,5,529,6,'2026-01-22 12:06:59','2026-01-23 03:01:15',517),(20956,5,502,6,'2026-01-22 12:07:00','2026-01-23 03:03:09',529),(20958,5,502,6,'2026-01-22 12:07:00','2026-01-23 03:03:09',529),(20963,5,502,6,'2026-01-22 12:07:00','2026-01-23 03:03:09',529),(20976,5,517,7,'2026-01-22 12:07:00','2026-01-22 12:24:37',604),(20981,5,500,6,'2026-01-22 12:07:00','2026-01-23 03:01:15',517),(20982,5,499,6,'2026-01-22 12:07:00','2026-01-23 03:01:15',517),(20985,5,502,5,'2026-01-22 12:07:00','2026-01-23 03:03:09',529),(20989,5,517,7,'2026-01-22 12:07:00','2026-01-23 03:15:29',604),(20994,5,501,6,'2026-01-22 12:07:00','2026-01-23 03:01:15',517),(21001,5,505,6,'2026-01-22 12:07:00','2026-01-23 03:01:15',517),(21002,5,512,6,'2026-01-22 12:07:00','2026-01-23 03:01:15',517),(21003,5,500,6,'2026-01-22 12:07:00','2026-01-23 03:01:15',517),(21004,5,541,6,'2026-01-22 12:07:00','2026-01-23 03:01:15',517),(21005,5,512,6,'2026-01-22 12:07:00','2026-01-23 03:01:15',517),(21007,5,541,6,'2026-01-22 12:07:00','2026-01-23 03:01:15',517),(21008,5,557,6,'2026-01-22 12:07:00','2026-01-23 03:01:15',517),(21009,5,505,6,'2026-01-22 12:07:00','2026-01-23 03:01:15',517),(21010,5,557,6,'2026-01-22 12:07:00','2026-01-23 03:01:15',517),(21011,5,505,6,'2026-01-22 12:07:00','2026-01-23 03:01:15',517),(21012,5,541,6,'2026-01-22 12:07:00','2026-01-23 03:01:15',517),(21013,5,505,6,'2026-01-22 12:07:00','2026-01-23 03:01:15',517),(21014,5,541,6,'2026-01-22 12:07:00','2026-01-23 03:01:15',517),(21015,5,557,6,'2026-01-22 12:07:00','2026-01-23 03:01:15',517),(21016,5,512,6,'2026-01-22 12:07:00','2026-01-23 03:01:15',517),(21017,5,512,6,'2026-01-22 12:07:00','2026-01-23 03:01:15',517),(21019,5,499,5,'2026-01-22 12:07:00','2026-01-23 03:03:09',529),(21021,5,499,6,'2026-01-22 12:07:00','2026-01-23 03:03:09',529),(21024,5,541,6,'2026-01-22 12:07:00','2026-01-23 03:01:15',517),(21025,5,512,6,'2026-01-22 12:07:00','2026-01-23 03:01:15',517),(21026,5,541,6,'2026-01-22 12:07:00','2026-01-23 03:01:15',517),(21028,5,502,8,'2026-01-22 12:07:00','2026-01-23 03:17:09',614),(21035,5,502,NULL,'2026-01-22 12:07:00','2026-01-23 03:17:09',614),(21046,5,499,NULL,'2026-01-22 12:07:00','2026-01-22 12:10:25',517),(21047,5,529,NULL,'2026-01-22 12:07:00','2026-01-22 12:10:25',517),(21048,5,502,8,'2026-01-22 12:07:00','2026-01-23 03:19:32',499),(21055,5,502,NULL,'2026-01-22 12:07:01','2026-01-23 03:19:32',499),(21056,5,502,NULL,'2026-01-22 12:07:01','2026-01-23 03:10:19',572),(21058,5,502,8,'2026-01-22 12:07:01','2026-01-23 03:19:32',499),(21059,5,502,8,'2026-01-22 12:07:01','2026-01-23 03:10:19',572),(21060,5,502,8,'2026-01-22 12:07:01','2026-01-23 03:01:38',521),(21061,5,502,8,'2026-01-22 12:07:01','2026-01-22 12:17:14',557),(21064,5,557,NULL,'2026-01-22 12:07:01','2026-01-23 03:01:15',517),(21069,5,557,NULL,'2026-01-22 12:07:01','2026-01-22 12:19:20',572),(21072,5,499,6,'2026-01-22 12:07:01','2026-01-23 03:01:38',521),(21075,5,567,6,'2026-01-22 12:07:01','2026-01-23 03:01:15',517),(21081,5,501,6,'2026-01-22 12:07:01','2026-01-23 03:01:15',517),(21082,5,557,6,'2026-01-22 12:07:01','2026-01-23 03:01:15',517),(21083,5,567,6,'2026-01-22 12:07:01','2026-01-23 03:01:15',517),(21087,5,502,NULL,'2026-01-22 12:07:01','2026-01-23 03:03:09',529),(21088,5,502,8,'2026-01-22 12:07:01','2026-01-23 03:19:32',499),(21089,5,502,NULL,'2026-01-22 12:07:01','2026-01-23 03:11:48',582),(21092,5,553,NULL,'2026-01-22 12:07:01','2026-01-23 03:11:48',582),(21097,5,502,NULL,'2026-01-22 12:07:01','2026-01-23 03:11:48',582),(21109,5,499,NULL,'2026-01-22 12:07:01','2026-01-22 12:27:58',502),(21112,5,502,8,'2026-01-22 12:07:01','2026-01-23 03:00:33',512),(21115,5,567,NULL,'2026-01-22 12:07:01','2026-01-23 03:12:31',586),(21116,5,502,6,'2026-01-22 12:07:01','2026-01-23 03:00:33',512),(21123,5,499,7,'2026-01-22 12:07:01','2026-01-23 03:11:40',581),(21126,5,499,NULL,'2026-01-22 12:07:01','2026-01-23 03:11:40',581),(21128,5,499,6,'2026-01-22 12:07:01','2026-01-23 03:19:43',508),(21131,5,567,NULL,'2026-01-22 12:07:01','2026-01-23 03:12:31',586),(21132,5,505,6,'2026-01-22 12:07:01','2026-01-23 03:01:15',517),(21133,5,512,6,'2026-01-22 12:07:01','2026-01-23 03:01:15',517),(21134,5,502,6,'2026-01-22 12:07:01','2026-01-23 03:01:15',517),(21136,5,505,6,'2026-01-22 12:07:01','2026-01-22 12:10:07',512),(21137,5,505,NULL,'2026-01-22 12:07:01','2026-01-22 12:10:07',512),(21143,5,567,NULL,'2026-01-22 12:07:02','2026-01-22 12:21:37',586),(21144,5,567,6,'2026-01-22 12:07:02','2026-01-23 03:04:47',540),(21146,5,567,NULL,'2026-01-22 12:07:02','2026-01-23 03:12:31',586),(21147,5,505,6,'2026-01-22 12:07:02','2026-01-23 03:00:33',512),(21153,5,517,8,'2026-01-22 12:07:02','2026-01-23 03:00:56',516),(21155,5,499,6,'2026-01-22 12:07:02','2026-01-23 03:19:43',508),(21159,5,502,8,'2026-01-22 12:07:02','2026-01-23 03:20:11',511),(21169,5,502,NULL,'2026-01-22 12:07:02','2026-01-22 12:10:07',512),(21171,5,567,6,'2026-01-22 12:07:02','2026-01-23 03:00:33',512),(21172,5,499,NULL,'2026-01-22 12:07:02','2026-01-23 03:19:43',508),(21173,5,517,8,'2026-01-22 12:07:02','2026-01-23 03:00:56',516),(21176,5,517,8,'2026-01-22 12:07:02','2026-01-23 03:13:18',591),(21182,5,499,NULL,'2026-01-22 12:07:02','2026-01-23 03:17:09',614),(21183,5,499,NULL,'2026-01-22 12:07:02','2026-01-23 03:17:09',614),(21190,5,499,7,'2026-01-22 12:07:02','2026-01-23 03:08:48',564),(21193,5,567,8,'2026-01-22 12:07:02','2026-01-23 03:19:32',499),(21198,5,567,NULL,'2026-01-22 12:07:02','2026-01-23 03:19:32',499),(21218,5,557,9,'2026-01-22 12:07:02','2026-01-23 03:10:19',572),(21224,5,502,7,'2026-01-22 12:07:02','2026-01-23 03:10:19',572),(21225,5,505,NULL,'2026-01-22 12:07:02','2026-01-22 12:27:58',502),(21236,5,517,7,'2026-01-22 12:07:02','2026-01-23 03:20:21',505),(21241,5,517,6,'2026-01-22 12:07:02','2026-01-23 03:00:33',512),(21242,5,517,4,'2026-01-22 12:07:03','2026-01-23 03:00:33',512),(21249,5,505,6,'2026-01-22 12:07:03','2026-01-23 03:00:33',512),(21251,5,505,NULL,'2026-01-22 12:07:03','2026-01-22 12:10:07',512),(21257,5,500,NULL,'2026-01-22 12:07:03','2026-01-23 03:06:28',550),(21260,5,499,NULL,'2026-01-22 12:07:03','2026-01-22 12:22:19',590),(21262,5,502,6,'2026-01-22 12:07:03','2026-01-23 03:13:12',590),(21263,5,502,5,'2026-01-22 12:07:03','2026-01-23 03:03:09',529),(21264,5,499,NULL,'2026-01-22 12:07:03','2026-01-23 03:13:12',590),(21265,5,512,5,'2026-01-22 12:07:03','2026-01-23 03:03:09',529),(21275,5,567,NULL,'2026-01-22 12:07:03','2026-01-23 03:03:09',529),(21284,5,567,NULL,'2026-01-22 12:07:03','2026-01-23 03:03:09',529),(21285,5,529,NULL,'2026-01-22 12:07:03','2026-01-22 12:27:58',502);
/*!40000 ALTER TABLE `comment` ENABLE KEYS */;
UNLOCK TABLES;

--
-- Table structure for table `comment_growth_opportunity`
--

DROP TABLE IF EXISTS `comment_growth_opportunity`;
/*!40101 SET @saved_cs_client     = @@character_set_client */;
/*!50503 SET character_set_client = utf8mb4 */;
CREATE TABLE `comment_growth_opportunity` (
  `id` bigint NOT NULL AUTO_INCREMENT,
  `comment_id` bigint NOT NULL,
  `growth_opportunity_id` bigint NOT NULL,
  PRIMARY KEY (`id`),
  UNIQUE KEY `comment_id` (`comment_id`,`growth_opportunity_id`),
  KEY `growth_opportunity_id` (`growth_opportunity_id`),
  CONSTRAINT `comment_growth_opportunity_ibfk_1` FOREIGN KEY (`comment_id`) REFERENCES `comment` (`id`),
  CONSTRAINT `comment_growth_opportunity_ibfk_2` FOREIGN KEY (`growth_opportunity_id`) REFERENCES `growth_opportunity` (`id`)
) ENGINE=InnoDB AUTO_INCREMENT=843 DEFAULT CHARSET=utf8mb4 COLLATE=utf8mb4_unicode_ci;
/*!40101 SET character_set_client = @saved_cs_client */;

--
-- Dumping data for table `comment_growth_opportunity`
--

LOCK TABLES `comment_growth_opportunity` WRITE;
/*!40000 ALTER TABLE `comment_growth_opportunity` DISABLE KEYS */;
INSERT INTO `comment_growth_opportunity` VALUES (6,11357,1),(7,11635,2),(8,12355,3),(9,12593,2),(10,13927,3),(11,14642,5),(12,14874,4),(396,16354,6),(397,16355,7),(808,16375,175),(805,16391,175),(371,16405,178),(373,16406,178),(813,16414,178),(814,16414,179),(815,16417,176),(816,16417,179),(372,16421,177),(376,16424,177),(500,16426,33),(370,16436,176),(377,16443,176),(817,16450,179),(818,16456,178),(819,16456,179),(380,16479,177),(497,16486,27),(498,16486,30),(501,16503,32),(502,16503,34),(800,16521,169),(801,16522,169),(615,16531,88),(116,16534,32),(503,16556,32),(504,16556,34),(505,16561,31),(506,16561,34),(786,16577,170),(787,16579,170),(17,16588,9),(508,16594,31),(507,16594,34),(499,16598,28),(139,16604,49),(531,16605,48),(532,16605,49),(533,16611,48),(534,16611,49),(414,16627,8),(413,16627,9),(737,16632,144),(738,16632,145),(496,16645,28),(785,16656,167),(788,16667,169),(789,16668,169),(790,16669,169),(791,16672,169),(792,16674,169),(538,16695,49),(799,16709,169),(415,16725,8),(535,16759,50),(539,16765,51),(509,16772,31),(510,16772,33),(540,16781,52),(513,16785,33),(514,16786,33),(541,16788,51),(542,16789,51),(515,16832,36),(634,16866,99),(793,16884,171),(794,16886,171),(795,16887,171),(796,16888,171),(797,16890,171),(798,16892,171),(556,17028,61),(561,17033,65),(557,17053,61),(560,17060,61),(564,17062,67),(565,17062,68),(566,17067,66),(567,17067,68),(570,17073,66),(568,17073,67),(569,17073,68),(536,17103,48),(552,17106,58),(553,17119,58),(763,17125,156),(764,17126,156),(574,17128,71),(812,17180,174),(827,17182,191),(806,17196,174),(651,17247,107),(225,17248,107),(575,17258,71),(579,17261,72),(652,17280,107),(582,17327,75),(747,17351,147),(746,17351,148),(739,17352,143),(740,17352,144),(741,17352,145),(525,17412,43),(184,17413,78),(828,17576,190),(543,17589,53),(743,17590,144),(742,17590,145),(526,17592,43),(580,17935,73),(489,17946,24),(586,17973,78),(590,17982,79),(587,17985,78),(588,17985,79),(278,17988,132),(829,18045,191),(697,18050,126),(583,18053,76),(584,18058,75),(577,18085,71),(576,18085,72),(830,18095,188),(653,18098,105),(654,18098,106),(228,18099,105),(655,18100,105),(831,18138,188),(238,18139,111),(589,18158,78),(678,18239,119),(684,18242,121),(685,18242,123),(686,18247,121),(687,18247,122),(253,18259,122),(690,18262,121),(688,18262,122),(689,18262,123),(662,18264,109),(663,18268,109),(664,18270,111),(478,18272,22),(554,18273,57),(555,18273,59),(479,18275,20),(480,18275,21),(481,18275,22),(488,18286,21),(665,18296,111),(592,18306,195),(593,18310,195),(595,18312,194),(594,18312,195),(705,18321,131),(706,18321,133),(596,18329,192),(597,18329,194),(649,18334,102),(598,18336,192),(599,18336,194),(600,18338,192),(601,18340,193),(602,18343,193),(698,18396,125),(724,18397,136),(722,18413,136),(647,18453,102),(648,18460,102),(284,18468,134),(735,18477,142),(711,18492,135),(712,18492,136),(713,18494,135),(714,18494,136),(715,18496,135),(544,18505,54),(134,18525,46),(283,18545,137),(723,18549,134),(259,18602,121),(692,18603,122),(691,18603,123),(693,18604,122),(694,18605,123),(603,18627,85),(604,18627,86),(605,18629,85),(609,18631,86),(607,18634,85),(606,18634,86),(650,18685,101),(756,18745,149),(527,18769,46),(545,18770,53),(748,18799,146),(749,18799,147),(750,18799,148),(546,18817,53),(578,18837,72),(761,18843,152),(762,18845,152),(608,18851,87),(765,18855,153),(548,18859,53),(547,18859,56),(550,18862,53),(549,18862,56),(766,18864,153),(767,18864,154),(323,18866,154),(768,18868,155),(769,18869,155),(328,18871,156),(770,18873,155),(771,18874,156),(772,18875,153),(773,18881,153),(530,18901,46),(635,18902,100),(841,18920,197),(744,18924,144),(745,18924,145),(571,18925,66),(842,18927,197),(832,18931,183),(833,18931,197),(834,18948,180),(835,18954,180),(482,19049,20),(483,19049,21),(618,19079,95),(619,19083,94),(620,19083,95),(621,19085,94),(838,19100,181),(836,19119,181),(837,19135,182),(558,19157,60),(559,19162,60),(839,19163,196),(840,19165,196),(757,19209,150),(572,19211,69),(591,19212,82),(679,19272,118),(751,19281,146),(752,19281,147),(753,19281,148),(681,19316,118),(484,19318,20),(485,19318,21),(486,19318,22),(683,19321,118),(581,19324,74),(487,19325,21),(537,19327,49),(695,19336,121),(696,19340,121),(820,19356,185),(666,19373,110),(680,19392,119),(682,19412,120),(778,19413,161),(616,19434,93),(617,19436,93),(490,19439,25),(491,19440,25),(755,19466,147),(754,19466,148),(276,19507,132),(416,19520,10),(708,19530,131),(707,19530,133),(758,19537,150),(199,19557,92),(528,19597,44),(529,19609,44),(725,19615,140),(726,19616,140),(511,19617,31),(512,19617,33),(759,19620,151),(774,19639,157),(492,19653,26),(760,19660,151),(493,19669,25),(494,19672,26),(495,19673,26),(710,19684,131),(709,19684,133),(727,19691,139),(398,19696,12),(399,19697,12),(400,19698,12),(401,19705,12),(402,19709,12),(403,19713,12),(404,19716,12),(728,19725,138),(729,19725,139),(730,19726,138),(731,19726,139),(732,19727,138),(733,19727,139),(775,19731,158),(777,19734,159),(516,19755,35),(125,19759,35),(517,19762,35),(519,19775,38),(518,19781,35),(667,19785,114),(734,19800,138),(668,19829,114),(669,19832,114),(776,19871,160),(736,19884,141),(417,19907,11),(188,19929,81),(610,19962,88),(611,19962,90),(195,19971,88),(612,19973,88),(613,19973,90),(636,19979,102),(637,19979,104),(821,19987,185),(811,19996,172),(656,20054,106),(657,20056,106),(658,20056,108),(661,20063,105),(659,20063,106),(660,20063,108),(267,20099,128),(638,20173,102),(639,20173,104),(418,20228,18),(640,20231,101),(419,20237,18),(420,20239,18),(421,20240,18),(422,20241,18),(423,20246,18),(424,20247,18),(425,20249,18),(426,20250,18),(427,20251,18),(428,20252,18),(429,20253,18),(430,20255,18),(614,20305,89),(266,20352,129),(822,20404,186),(360,20451,173),(356,20480,174),(357,20481,173),(520,20509,41),(779,20538,162),(641,20574,101),(642,20574,102),(643,20605,102),(644,20605,104),(646,20609,102),(645,20609,104),(807,20627,173),(809,20632,173),(810,20635,173),(719,20642,137),(804,20646,173),(780,20657,164),(632,20674,98),(206,20676,98),(623,20678,97),(622,20678,98),(624,20715,96),(625,20717,96),(626,20719,96),(633,20729,97),(627,20731,97),(431,20735,16),(720,20771,137),(721,20772,137),(432,20775,16),(433,20778,16),(562,20783,63),(434,20785,16),(435,20790,16),(365,20825,174),(563,20844,63),(359,20866,175),(802,20868,172),(342,20876,166),(358,20881,172),(803,20889,172),(585,20907,75),(551,20913,55),(716,20950,134),(333,20976,159),(436,20981,17),(437,20981,19),(438,20982,17),(439,20982,19),(440,20994,17),(441,20994,19),(442,21001,17),(443,21001,19),(444,21003,17),(445,21003,19),(446,21004,17),(447,21004,19),(448,21005,17),(449,21005,19),(450,21007,17),(451,21007,19),(452,21008,17),(453,21008,19),(454,21009,17),(455,21009,19),(456,21010,17),(457,21010,19),(458,21011,17),(459,21011,19),(460,21012,17),(461,21012,19),(462,21013,17),(463,21013,19),(464,21014,17),(465,21014,19),(466,21015,17),(467,21015,19),(468,21016,17),(469,21016,19),(470,21017,17),(471,21017,19),(472,21024,17),(473,21024,19),(474,21025,17),(475,21025,19),(476,21026,17),(477,21026,19),(783,21035,163),(631,21056,97),(629,21059,96),(628,21059,97),(210,21069,97),(521,21087,39),(673,21089,116),(672,21089,117),(674,21092,116),(675,21092,117),(676,21097,116),(677,21097,117),(363,21109,175),(405,21112,13),(699,21115,129),(700,21115,130),(406,21116,13),(407,21116,15),(670,21123,113),(671,21126,113),(823,21128,186),(701,21131,127),(702,21131,129),(703,21131,130),(23,21136,15),(24,21137,15),(268,21143,127),(704,21146,127),(408,21147,14),(824,21155,186),(26,21169,14),(409,21171,14),(825,21172,184),(826,21172,186),(782,21182,163),(781,21182,165),(784,21183,165),(630,21224,97),(364,21225,174),(410,21241,12),(411,21242,12),(412,21249,12),(31,21251,12),(573,21257,70),(288,21260,137),(717,21264,134),(718,21264,137),(522,21275,40),(524,21284,40),(523,21284,42),(362,21285,173);
/*!40000 ALTER TABLE `comment_growth_opportunity` ENABLE KEYS */;
UNLOCK TABLES;

--
-- Table structure for table `comment_strength`
--

DROP TABLE IF EXISTS `comment_strength`;
/*!40101 SET @saved_cs_client     = @@character_set_client */;
/*!50503 SET character_set_client = utf8mb4 */;
CREATE TABLE `comment_strength` (
  `id` bigint NOT NULL AUTO_INCREMENT,
  `comment_id` bigint NOT NULL,
  `strength_id` bigint NOT NULL,
  PRIMARY KEY (`id`),
  UNIQUE KEY `comment_id` (`comment_id`,`strength_id`),
  KEY `strength_id` (`strength_id`),
  CONSTRAINT `comment_strength_ibfk_1` FOREIGN KEY (`comment_id`) REFERENCES `comment` (`id`),
  CONSTRAINT `comment_strength_ibfk_2` FOREIGN KEY (`strength_id`) REFERENCES `strength` (`id`)
) ENGINE=InnoDB AUTO_INCREMENT=895 DEFAULT CHARSET=utf8mb4 COLLATE=utf8mb4_unicode_ci;
/*!40101 SET character_set_client = @saved_cs_client */;

--
-- Dumping data for table `comment_strength`
--

LOCK TABLES `comment_strength` WRITE;
/*!40000 ALTER TABLE `comment_strength` DISABLE KEYS */;
INSERT INTO `comment_strength` VALUES (165,390,4),(160,402,2),(161,449,1),(166,497,6),(173,745,92),(169,816,8),(170,829,8),(154,861,86),(174,1066,92),(186,1486,93),(175,1533,91),(179,1535,91),(178,1536,91),(176,1538,91),(177,1540,91),(192,1564,95),(194,1566,95),(195,1567,94),(187,1568,95),(189,1571,95),(191,1579,94),(193,1581,94),(190,1594,95),(196,1599,94),(188,1601,94),(16,1604,14),(17,1606,13),(185,1611,13),(182,1683,12),(183,1686,12),(184,1692,12),(171,1948,8),(208,1950,19),(172,1983,8),(155,1985,88),(159,1996,88),(167,2095,6),(197,2160,18),(198,2163,17),(207,2207,99),(199,2393,18),(200,2395,18),(201,2405,17),(206,2433,98),(6,2480,5),(168,2572,6),(156,2759,88),(162,2850,3),(163,2855,3),(164,2855,4),(180,2867,10),(181,2872,10),(24,2982,19),(157,3028,88),(158,3035,88),(204,3045,96),(202,3073,96),(203,3077,96),(205,3083,96),(209,3102,19),(210,3122,19),(45,3353,24),(49,3357,24),(50,3582,23),(38,3593,23),(47,3642,24),(42,3666,24),(46,3706,24),(36,3784,23),(37,3785,23),(40,3786,23),(232,3893,29),(233,3893,30),(211,3935,101),(212,3940,100),(213,3944,100),(227,3964,28),(228,3977,28),(43,3987,24),(44,3988,24),(48,4186,24),(39,4202,24),(41,4204,24),(234,4214,29),(235,4214,30),(214,4289,21),(215,4292,21),(216,4292,22),(236,4480,29),(237,4480,30),(238,4489,29),(239,4489,30),(217,4558,21),(218,4558,22),(84,4575,33),(240,4577,29),(241,4577,30),(242,4648,29),(243,4652,29),(244,4653,29),(245,4654,29),(246,4658,29),(247,4664,29),(248,4664,30),(249,4681,29),(250,4683,29),(251,4684,29),(252,4684,30),(253,4686,29),(254,4686,30),(255,4688,29),(256,4688,30),(257,4692,29),(258,4692,30),(259,4695,29),(260,4698,29),(261,4698,30),(75,4701,29),(262,4706,29),(263,4709,29),(264,4709,30),(265,4710,29),(266,4711,29),(267,4713,29),(268,4713,30),(58,4740,29),(59,4741,29),(90,4750,37),(89,4750,38),(271,4752,37),(272,4752,38),(273,4754,37),(274,4754,38),(275,4759,38),(276,4764,104),(219,4788,21),(220,4788,22),(277,4980,41),(229,5096,28),(230,5131,27),(284,5257,44),(287,5269,44),(97,5359,44),(225,5363,26),(283,5385,44),(282,5475,44),(288,5558,44),(280,5581,44),(224,5621,103),(226,5628,25),(281,5635,44),(286,5781,44),(95,5787,44),(285,5809,44),(231,6014,28),(269,6015,32),(270,6020,32),(91,6193,41),(278,6221,41),(279,6225,41),(221,6226,21),(222,6226,22),(223,6228,22),(111,6594,52),(307,6633,52),(385,6652,115),(384,6652,116),(386,6655,116),(381,6656,115),(380,6656,116),(383,6657,115),(382,6657,116),(389,6673,82),(390,6674,82),(391,6675,81),(392,6675,82),(393,6678,82),(394,6680,81),(395,6715,81),(342,6793,57),(297,6925,49),(351,7059,64),(396,7094,84),(397,7097,84),(348,7112,60),(366,7253,113),(367,7253,114),(368,7286,113),(369,7286,114),(350,7637,61),(359,7907,110),(356,7970,70),(357,7973,69),(358,7973,70),(341,8049,55),(370,8104,113),(371,8104,114),(372,8106,113),(373,8106,114),(374,8128,74),(355,8164,68),(349,8244,60),(334,8262,106),(138,8274,74),(335,8281,106),(343,8391,58),(378,8507,76),(344,8511,57),(398,8667,83),(399,8668,83),(379,8729,76),(298,8796,50),(304,8799,50),(305,8817,50),(299,8854,50),(300,8855,50),(360,8857,112),(306,8859,50),(345,8865,57),(346,8868,57),(400,8909,83),(98,8951,45),(289,8954,45),(290,8954,46),(291,8955,45),(292,8955,46),(293,8964,105),(294,8966,105),(336,9055,106),(301,9133,50),(106,9134,49),(302,9137,49),(303,9137,50),(110,9138,49),(109,9138,50),(130,9162,60),(352,9243,108),(354,9246,108),(337,9324,106),(338,9331,106),(375,9369,73),(376,9373,73),(377,9379,73),(339,9512,55),(340,9730,55),(308,9893,51),(353,10127,109),(310,10234,53),(309,10234,54),(361,10237,71),(115,10243,54),(116,10245,54),(312,10246,53),(311,10246,54),(314,10247,53),(313,10247,54),(324,10255,53),(325,10256,53),(326,10257,53),(327,10258,53),(328,10259,53),(329,10267,53),(330,10268,53),(331,10269,53),(387,10328,81),(149,10330,81),(388,10443,81),(145,10444,81),(295,10445,47),(147,10456,82),(146,10518,82),(363,10580,71),(362,10580,72),(364,10598,71),(365,10598,72),(136,10615,72),(150,10641,83),(153,10652,83),(315,10741,53),(316,10741,54),(317,10781,53),(318,10781,54),(319,10784,53),(320,10791,53),(321,10791,54),(322,10796,53),(323,10796,54),(332,10801,54),(333,10802,54),(296,10916,47),(347,10919,57),(461,11304,149),(465,11378,151),(460,11382,118),(464,11394,150),(462,11401,118),(463,11403,118),(466,11523,119),(467,11527,119),(468,11536,119),(469,11536,120),(402,11740,117),(401,11740,118),(404,11772,117),(403,11772,118),(450,11798,146),(491,12109,134),(492,12122,134),(506,12250,145),(507,12250,146),(508,12283,146),(498,12779,153),(438,12851,136),(440,12854,136),(495,12856,136),(496,12885,136),(497,12914,153),(509,13101,146),(510,13103,145),(512,13125,147),(493,13241,134),(458,13271,147),(494,13276,134),(504,13328,144),(505,13337,143),(433,13388,132),(489,13508,132),(446,13686,144),(447,13688,144),(499,13698,143),(470,13952,122),(408,14013,122),(411,14014,123),(424,14102,129),(423,14102,130),(482,14187,129),(483,14187,130),(484,14268,129),(485,14268,130),(486,14283,129),(487,14283,130),(455,14338,147),(513,14366,147),(514,14370,147),(488,14600,130),(422,14612,130),(431,14705,130),(420,14727,129),(419,14727,130),(511,15059,145),(500,15185,143),(471,15231,125),(501,15234,143),(502,15234,144),(472,15240,125),(473,15242,125),(474,15243,125),(409,15274,124),(475,15294,125),(410,15320,124),(405,15453,119),(406,15515,119),(503,15577,143),(476,15738,126),(477,15778,126),(478,15781,126),(479,15788,126),(480,15793,126),(490,15916,132),(481,16067,125),(417,16078,125),(418,16084,125),(880,16375,190),(879,16391,189),(873,16512,172),(874,16513,172),(875,16515,172),(876,16520,173),(877,16521,173),(878,16522,173),(664,16524,172),(665,16533,172),(632,16606,158),(633,16608,158),(634,16610,158),(635,16615,158),(636,16617,158),(637,16618,158),(638,16619,158),(639,16621,158),(640,16622,158),(641,16623,158),(642,16624,158),(700,16627,176),(881,16636,189),(521,16642,158),(871,16656,188),(701,16725,177),(666,16728,173),(667,16745,173),(869,16795,185),(643,16881,158),(525,16902,158),(575,16939,158),(595,16972,158),(596,16973,158),(789,17028,179),(791,17033,180),(621,17044,158),(790,17053,179),(785,17106,165),(786,17119,164),(647,17142,158),(648,17143,158),(524,17157,158),(567,17187,158),(578,17204,158),(584,17211,158),(589,17216,158),(863,17247,185),(864,17280,185),(631,17369,158),(702,17397,159),(703,17404,159),(814,17637,181),(815,17637,182),(818,17640,181),(819,17640,182),(822,17641,181),(823,17641,182),(824,17642,181),(825,17642,182),(828,17643,181),(829,17643,182),(830,17644,181),(831,17644,182),(834,17645,181),(835,17645,182),(838,17646,181),(839,17646,182),(840,17647,181),(841,17647,182),(842,17648,181),(843,17648,182),(844,17650,181),(845,17650,182),(850,17657,181),(851,17657,182),(852,17658,181),(853,17658,182),(854,17659,181),(855,17659,182),(856,17660,181),(857,17660,182),(792,17744,181),(793,17744,182),(794,17745,181),(795,17745,182),(796,17747,181),(797,17747,182),(798,17749,181),(799,17749,182),(800,17751,181),(801,17751,182),(802,17754,181),(803,17754,182),(804,17756,181),(805,17756,182),(806,17761,181),(807,17761,182),(808,17763,181),(809,17763,182),(810,17764,181),(811,17764,182),(812,17765,181),(813,17765,182),(816,17768,181),(817,17768,182),(820,17769,181),(821,17769,182),(826,17771,181),(827,17771,182),(832,17773,181),(833,17773,182),(836,17774,181),(837,17774,182),(846,17779,181),(847,17779,182),(848,17780,181),(849,17780,182),(599,18007,158),(865,18098,185),(671,18140,157),(517,18142,156),(516,18142,157),(519,18144,156),(518,18144,157),(787,18238,165),(788,18273,165),(606,18280,158),(607,18282,158),(608,18292,158),(609,18293,158),(614,18315,158),(620,18324,158),(861,18325,169),(625,18327,158),(862,18334,169),(781,18385,163),(629,18389,158),(559,18462,158),(571,18470,158),(782,18505,163),(603,18524,158),(627,18623,158),(858,18695,169),(536,18703,158),(870,18723,170),(783,18859,162),(784,18862,162),(628,18897,158),(668,18966,174),(892,19075,195),(768,19092,161),(774,19099,160),(775,19099,161),(652,19184,161),(773,19224,161),(889,19229,194),(776,19234,161),(779,19265,160),(780,19265,161),(672,19277,156),(673,19277,157),(674,19353,156),(675,19353,157),(676,19369,156),(677,19369,157),(678,19375,156),(679,19375,157),(680,19376,156),(681,19376,157),(682,19388,156),(683,19388,157),(684,19390,156),(685,19390,157),(686,19432,156),(687,19432,157),(688,19433,156),(689,19433,157),(769,19479,161),(551,19480,158),(690,19489,156),(691,19489,157),(692,19511,156),(693,19511,157),(890,19583,175),(611,19585,158),(891,19590,175),(618,19598,158),(619,19599,158),(622,19605,158),(623,19606,158),(770,19609,161),(694,19610,156),(695,19610,157),(696,19623,156),(697,19623,157),(698,19624,156),(699,19624,157),(777,19642,160),(778,19642,161),(893,19695,196),(894,19706,196),(772,19724,161),(771,19771,161),(604,19805,158),(605,19816,158),(610,19831,158),(612,19850,158),(613,19851,158),(624,19863,158),(626,19869,158),(866,20054,186),(867,20056,186),(868,20063,186),(704,20228,159),(859,20231,169),(705,20237,159),(706,20239,159),(707,20240,159),(708,20241,159),(709,20246,159),(710,20247,159),(711,20249,159),(712,20250,159),(713,20251,159),(714,20252,159),(715,20253,159),(558,20254,158),(716,20255,159),(717,20257,159),(718,20258,159),(719,20259,159),(720,20260,159),(721,20261,159),(722,20262,159),(723,20263,159),(724,20272,159),(725,20287,159),(726,20288,159),(727,20289,159),(728,20290,159),(729,20291,159),(730,20494,159),(731,20496,159),(587,20543,158),(593,20549,158),(597,20562,158),(860,20574,169),(732,20735,158),(522,20739,158),(535,20751,158),(733,20775,158),(734,20778,158),(735,20785,158),(736,20790,158),(582,20792,158),(583,20795,158),(585,20796,158),(886,20847,192),(872,20877,187),(737,20951,159),(738,20981,159),(739,20982,159),(740,20994,159),(741,21001,159),(742,21002,159),(743,21003,159),(744,21004,159),(745,21005,159),(746,21007,159),(747,21008,159),(748,21009,159),(749,21010,159),(750,21011,159),(751,21012,159),(752,21013,159),(753,21014,159),(754,21015,159),(755,21016,159),(756,21017,159),(757,21024,159),(758,21025,159),(759,21026,159),(580,21046,158),(581,21047,158),(882,21048,191),(883,21055,191),(760,21064,159),(761,21075,159),(762,21081,159),(763,21082,159),(764,21083,159),(765,21132,159),(766,21133,159),(767,21134,159),(887,21155,194),(888,21172,194),(884,21193,192),(885,21198,192);
/*!40000 ALTER TABLE `comment_strength` ENABLE KEYS */;
UNLOCK TABLES;

--
-- Table structure for table `event_analysis`
--

DROP TABLE IF EXISTS `event_analysis`;
/*!40101 SET @saved_cs_client     = @@character_set_client */;
/*!50503 SET character_set_client = utf8mb4 */;
CREATE TABLE `event_analysis` (
  `id` bigint NOT NULL,
  `workspace_id` bigint NOT NULL,
  `sender_user_id` bigint NOT NULL,
  `recipient_user_id` bigint NOT NULL,
  `sentiment_score` tinyint unsigned DEFAULT NULL,
  `created_at` datetime NOT NULL,
  `updated_at` datetime NOT NULL,
  PRIMARY KEY (`id`),
  KEY `idx_e_wu_id` (`workspace_id`,`sender_user_id`),
  CONSTRAINT `event_analysis_chk_1` CHECK ((`sentiment_score` between 0 and 10))
) ENGINE=InnoDB DEFAULT CHARSET=utf8mb4 COLLATE=utf8mb4_unicode_ci;
/*!40101 SET character_set_client = @saved_cs_client */;

--
-- Dumping data for table `event_analysis`
--

LOCK TABLES `event_analysis` WRITE;
/*!40000 ALTER TABLE `event_analysis` DISABLE KEYS */;
/*!40000 ALTER TABLE `event_analysis` ENABLE KEYS */;
UNLOCK TABLES;

--
-- Table structure for table `event_growth_opportunity`
--

DROP TABLE IF EXISTS `event_growth_opportunity`;
/*!40101 SET @saved_cs_client     = @@character_set_client */;
/*!50503 SET character_set_client = utf8mb4 */;
CREATE TABLE `event_growth_opportunity` (
  `id` bigint NOT NULL AUTO_INCREMENT,
  `event_id` bigint NOT NULL,
  `growth_opportunity_id` bigint NOT NULL,
  PRIMARY KEY (`id`),
  UNIQUE KEY `event_id` (`event_id`,`growth_opportunity_id`),
  KEY `growth_opportunity_id` (`growth_opportunity_id`),
  CONSTRAINT `event_growth_opportunity_ibfk_1` FOREIGN KEY (`event_id`) REFERENCES `event_analysis` (`id`),
  CONSTRAINT `event_growth_opportunity_ibfk_2` FOREIGN KEY (`growth_opportunity_id`) REFERENCES `growth_opportunity` (`id`)
) ENGINE=InnoDB DEFAULT CHARSET=utf8mb4 COLLATE=utf8mb4_unicode_ci;
/*!40101 SET character_set_client = @saved_cs_client */;

--
-- Dumping data for table `event_growth_opportunity`
--

LOCK TABLES `event_growth_opportunity` WRITE;
/*!40000 ALTER TABLE `event_growth_opportunity` DISABLE KEYS */;
/*!40000 ALTER TABLE `event_growth_opportunity` ENABLE KEYS */;
UNLOCK TABLES;

--
-- Table structure for table `event_strength`
--

DROP TABLE IF EXISTS `event_strength`;
/*!40101 SET @saved_cs_client     = @@character_set_client */;
/*!50503 SET character_set_client = utf8mb4 */;
CREATE TABLE `event_strength` (
  `id` bigint NOT NULL AUTO_INCREMENT,
  `event_id` bigint NOT NULL,
  `strength_id` bigint NOT NULL,
  PRIMARY KEY (`id`),
  UNIQUE KEY `event_id` (`event_id`,`strength_id`),
  KEY `strength_id` (`strength_id`),
  CONSTRAINT `event_strength_ibfk_1` FOREIGN KEY (`event_id`) REFERENCES `event_analysis` (`id`),
  CONSTRAINT `event_strength_ibfk_2` FOREIGN KEY (`strength_id`) REFERENCES `strength` (`id`)
) ENGINE=InnoDB DEFAULT CHARSET=utf8mb4 COLLATE=utf8mb4_unicode_ci;
/*!40101 SET character_set_client = @saved_cs_client */;

--
-- Dumping data for table `event_strength`
--

LOCK TABLES `event_strength` WRITE;
/*!40000 ALTER TABLE `event_strength` DISABLE KEYS */;
/*!40000 ALTER TABLE `event_strength` ENABLE KEYS */;
UNLOCK TABLES;

--
-- Table structure for table `feedback`
--

DROP TABLE IF EXISTS `feedback`;
/*!40101 SET @saved_cs_client     = @@character_set_client */;
/*!50503 SET character_set_client = utf8mb4 */;
CREATE TABLE `feedback` (
  `id` bigint NOT NULL AUTO_INCREMENT,
  `workspace_id` bigint NOT NULL,
  `from_user_id` bigint NOT NULL,
  `to_user_id` bigint NOT NULL,
  `active` tinyint(1) NOT NULL,
  `summary` varchar(2000) COLLATE utf8mb4_unicode_ci NOT NULL,
  `description` text COLLATE utf8mb4_unicode_ci,
  `anonymous` tinyint(1) NOT NULL,
  `shared_with_manager` tinyint(1) NOT NULL,
  `status` varchar(70) COLLATE utf8mb4_unicode_ci NOT NULL,
  `created_at` datetime NOT NULL,
  `updated_at` datetime NOT NULL,
  `shared_only_with_manager` tinyint(1) NOT NULL DEFAULT '0',
  `feedback_request_id` bigint DEFAULT NULL,
  `sentiment_score` tinyint unsigned DEFAULT NULL,
  `reaction` varchar(10) COLLATE utf8mb4_unicode_ci DEFAULT NULL,
  `announcement_id` bigint DEFAULT NULL,
  PRIMARY KEY (`id`),
  KEY `idx_f_w_fui_tui` (`workspace_id`,`from_user_id`,`to_user_id`),
  KEY `feedback_request_id` (`feedback_request_id`),
  CONSTRAINT `feedback_ibfk_1` FOREIGN KEY (`feedback_request_id`) REFERENCES `feedback_request` (`id`),
  CONSTRAINT `feedback_chk_1` CHECK ((`sentiment_score` between 0 and 10))
) ENGINE=InnoDB DEFAULT CHARSET=utf8mb4 COLLATE=utf8mb4_unicode_ci;
/*!40101 SET character_set_client = @saved_cs_client */;

--
-- Dumping data for table `feedback`
--

LOCK TABLES `feedback` WRITE;
/*!40000 ALTER TABLE `feedback` DISABLE KEYS */;
/*!40000 ALTER TABLE `feedback` ENABLE KEYS */;
UNLOCK TABLES;

--
-- Table structure for table `feedback_context`
--

DROP TABLE IF EXISTS `feedback_context`;
/*!40101 SET @saved_cs_client     = @@character_set_client */;
/*!50503 SET character_set_client = utf8mb4 */;
CREATE TABLE `feedback_context` (
  `id` bigint NOT NULL AUTO_INCREMENT,
  `feedback_id` bigint NOT NULL,
  `link` varchar(2000) COLLATE utf8mb4_unicode_ci NOT NULL,
  `metadata` text COLLATE utf8mb4_unicode_ci,
  PRIMARY KEY (`id`),
  KEY `feedback_id` (`feedback_id`),
  CONSTRAINT `feedback_context_ibfk_1` FOREIGN KEY (`feedback_id`) REFERENCES `feedback` (`id`)
) ENGINE=InnoDB DEFAULT CHARSET=utf8mb4 COLLATE=utf8mb4_unicode_ci;
/*!40101 SET character_set_client = @saved_cs_client */;

--
-- Dumping data for table `feedback_context`
--

LOCK TABLES `feedback_context` WRITE;
/*!40000 ALTER TABLE `feedback_context` DISABLE KEYS */;
/*!40000 ALTER TABLE `feedback_context` ENABLE KEYS */;
UNLOCK TABLES;

--
-- Table structure for table `feedback_growth_opportunity`
--

DROP TABLE IF EXISTS `feedback_growth_opportunity`;
/*!40101 SET @saved_cs_client     = @@character_set_client */;
/*!50503 SET character_set_client = utf8mb4 */;
CREATE TABLE `feedback_growth_opportunity` (
  `id` bigint NOT NULL AUTO_INCREMENT,
  `feedback_id` bigint NOT NULL,
  `growth_opportunity_id` bigint NOT NULL,
  PRIMARY KEY (`id`),
  UNIQUE KEY `feedback_id` (`feedback_id`,`growth_opportunity_id`),
  KEY `growth_opportunity_id` (`growth_opportunity_id`),
  CONSTRAINT `feedback_growth_opportunity_ibfk_1` FOREIGN KEY (`feedback_id`) REFERENCES `feedback` (`id`),
  CONSTRAINT `feedback_growth_opportunity_ibfk_2` FOREIGN KEY (`growth_opportunity_id`) REFERENCES `growth_opportunity` (`id`)
) ENGINE=InnoDB DEFAULT CHARSET=utf8mb4 COLLATE=utf8mb4_unicode_ci;
/*!40101 SET character_set_client = @saved_cs_client */;

--
-- Dumping data for table `feedback_growth_opportunity`
--

LOCK TABLES `feedback_growth_opportunity` WRITE;
/*!40000 ALTER TABLE `feedback_growth_opportunity` DISABLE KEYS */;
/*!40000 ALTER TABLE `feedback_growth_opportunity` ENABLE KEYS */;
UNLOCK TABLES;

--
-- Table structure for table `feedback_request`
--

DROP TABLE IF EXISTS `feedback_request`;
/*!40101 SET @saved_cs_client     = @@character_set_client */;
/*!50503 SET character_set_client = utf8mb4 */;
CREATE TABLE `feedback_request` (
  `id` bigint NOT NULL AUTO_INCREMENT,
  `workspace_id` bigint NOT NULL,
  `for_user_id` bigint NOT NULL,
  `from_manager` tinyint(1) NOT NULL,
  `shared_with_line_report` tinyint(1) NOT NULL,
  `active` tinyint(1) NOT NULL,
  `summary` varchar(2000) COLLATE utf8mb4_unicode_ci NOT NULL,
  `description` text COLLATE utf8mb4_unicode_ci,
  `status` varchar(70) COLLATE utf8mb4_unicode_ci NOT NULL,
  `created_at` datetime NOT NULL,
  `updated_at` datetime NOT NULL,
  `template` varchar(255) COLLATE utf8mb4_unicode_ci DEFAULT NULL,
  PRIMARY KEY (`id`),
  KEY `idx_fr_w_fui` (`workspace_id`,`for_user_id`)
) ENGINE=InnoDB DEFAULT CHARSET=utf8mb4 COLLATE=utf8mb4_unicode_ci;
/*!40101 SET character_set_client = @saved_cs_client */;

--
-- Dumping data for table `feedback_request`
--

LOCK TABLES `feedback_request` WRITE;
/*!40000 ALTER TABLE `feedback_request` DISABLE KEYS */;
/*!40000 ALTER TABLE `feedback_request` ENABLE KEYS */;
UNLOCK TABLES;

--
-- Table structure for table `feedback_request_context`
--

DROP TABLE IF EXISTS `feedback_request_context`;
/*!40101 SET @saved_cs_client     = @@character_set_client */;
/*!50503 SET character_set_client = utf8mb4 */;
CREATE TABLE `feedback_request_context` (
  `id` bigint NOT NULL AUTO_INCREMENT,
  `feedback_request_id` bigint NOT NULL,
  `link` varchar(2000) COLLATE utf8mb4_unicode_ci NOT NULL,
  `metadata` text COLLATE utf8mb4_unicode_ci,
  PRIMARY KEY (`id`),
  KEY `feedback_request_id` (`feedback_request_id`),
  CONSTRAINT `feedback_request_context_ibfk_1` FOREIGN KEY (`feedback_request_id`) REFERENCES `feedback_request` (`id`)
) ENGINE=InnoDB DEFAULT CHARSET=utf8mb4 COLLATE=utf8mb4_unicode_ci;
/*!40101 SET character_set_client = @saved_cs_client */;

--
-- Dumping data for table `feedback_request_context`
--

LOCK TABLES `feedback_request_context` WRITE;
/*!40000 ALTER TABLE `feedback_request_context` DISABLE KEYS */;
/*!40000 ALTER TABLE `feedback_request_context` ENABLE KEYS */;
UNLOCK TABLES;

--
-- Table structure for table `feedback_request_recipient`
--

DROP TABLE IF EXISTS `feedback_request_recipient`;
/*!40101 SET @saved_cs_client     = @@character_set_client */;
/*!50503 SET character_set_client = utf8mb4 */;
CREATE TABLE `feedback_request_recipient` (
  `id` bigint NOT NULL AUTO_INCREMENT,
  `feedback_request_id` bigint NOT NULL,
  `user_id` bigint NOT NULL,
  `responded` tinyint(1) NOT NULL,
  PRIMARY KEY (`id`),
  KEY `feedback_request_id` (`feedback_request_id`),
  CONSTRAINT `feedback_request_recipient_ibfk_1` FOREIGN KEY (`feedback_request_id`) REFERENCES `feedback_request` (`id`)
) ENGINE=InnoDB DEFAULT CHARSET=utf8mb4 COLLATE=utf8mb4_unicode_ci;
/*!40101 SET character_set_client = @saved_cs_client */;

--
-- Dumping data for table `feedback_request_recipient`
--

LOCK TABLES `feedback_request_recipient` WRITE;
/*!40000 ALTER TABLE `feedback_request_recipient` DISABLE KEYS */;
/*!40000 ALTER TABLE `feedback_request_recipient` ENABLE KEYS */;
UNLOCK TABLES;

--
-- Table structure for table `feedback_strength`
--

DROP TABLE IF EXISTS `feedback_strength`;
/*!40101 SET @saved_cs_client     = @@character_set_client */;
/*!50503 SET character_set_client = utf8mb4 */;
CREATE TABLE `feedback_strength` (
  `id` bigint NOT NULL AUTO_INCREMENT,
  `feedback_id` bigint NOT NULL,
  `strength_id` bigint NOT NULL,
  PRIMARY KEY (`id`),
  UNIQUE KEY `feedback_id` (`feedback_id`,`strength_id`),
  KEY `strength_id` (`strength_id`),
  CONSTRAINT `feedback_strength_ibfk_1` FOREIGN KEY (`feedback_id`) REFERENCES `feedback` (`id`),
  CONSTRAINT `feedback_strength_ibfk_2` FOREIGN KEY (`strength_id`) REFERENCES `strength` (`id`)
) ENGINE=InnoDB DEFAULT CHARSET=utf8mb4 COLLATE=utf8mb4_unicode_ci;
/*!40101 SET character_set_client = @saved_cs_client */;

--
-- Dumping data for table `feedback_strength`
--

LOCK TABLES `feedback_strength` WRITE;
/*!40000 ALTER TABLE `feedback_strength` DISABLE KEYS */;
/*!40000 ALTER TABLE `feedback_strength` ENABLE KEYS */;
UNLOCK TABLES;

--
-- Table structure for table `feedback_value`
--

DROP TABLE IF EXISTS `feedback_value`;
/*!40101 SET @saved_cs_client     = @@character_set_client */;
/*!50503 SET character_set_client = utf8mb4 */;
CREATE TABLE `feedback_value` (
  `id` bigint NOT NULL AUTO_INCREMENT,
  `feedback_id` bigint NOT NULL,
  `value_id` bigint NOT NULL,
  PRIMARY KEY (`id`),
  KEY `feedback_id` (`feedback_id`),
  CONSTRAINT `feedback_value_ibfk_1` FOREIGN KEY (`feedback_id`) REFERENCES `feedback` (`id`)
) ENGINE=InnoDB DEFAULT CHARSET=utf8mb4 COLLATE=utf8mb4_unicode_ci;
/*!40101 SET character_set_client = @saved_cs_client */;

--
-- Dumping data for table `feedback_value`
--

LOCK TABLES `feedback_value` WRITE;
/*!40000 ALTER TABLE `feedback_value` DISABLE KEYS */;
/*!40000 ALTER TABLE `feedback_value` ENABLE KEYS */;
UNLOCK TABLES;

--
-- Table structure for table `focus_area`
--

DROP TABLE IF EXISTS `focus_area`;
/*!40101 SET @saved_cs_client     = @@character_set_client */;
/*!50503 SET character_set_client = utf8mb4 */;
CREATE TABLE `focus_area` (
  `id` bigint NOT NULL AUTO_INCREMENT,
  `workspace_id` bigint NOT NULL,
  `title` varchar(255) COLLATE utf8mb4_unicode_ci NOT NULL,
  `active` tinyint(1) NOT NULL,
  `created_at` datetime NOT NULL,
  PRIMARY KEY (`id`),
  KEY `idx_f_a_w_id` (`workspace_id`)
) ENGINE=InnoDB AUTO_INCREMENT=6 DEFAULT CHARSET=utf8mb4 COLLATE=utf8mb4_unicode_ci;
/*!40101 SET character_set_client = @saved_cs_client */;

--
-- Dumping data for table `focus_area`
--

LOCK TABLES `focus_area` WRITE;
/*!40000 ALTER TABLE `focus_area` DISABLE KEYS */;
INSERT INTO `focus_area` VALUES (1,4,'Stability Management',1,'2026-01-21 17:01:16'),(2,4,'Effective Communication',1,'2026-01-21 17:14:59'),(3,5,'Incident Management',1,'2026-01-22 12:09:37'),(4,5,'Documentation and Clarity',1,'2026-01-22 12:10:06'),(5,5,'Testing and Reliability',1,'2026-01-22 12:11:00');
/*!40000 ALTER TABLE `focus_area` ENABLE KEYS */;
UNLOCK TABLES;

--
-- Table structure for table `growth_opportunity`
--

DROP TABLE IF EXISTS `growth_opportunity`;
/*!40101 SET @saved_cs_client     = @@character_set_client */;
/*!50503 SET character_set_client = utf8mb4 */;
CREATE TABLE `growth_opportunity` (
  `id` bigint NOT NULL AUTO_INCREMENT,
  `workspace_id` bigint NOT NULL,
  `user_id` bigint NOT NULL,
  `title` varchar(255) COLLATE utf8mb4_unicode_ci NOT NULL,
  `active` tinyint(1) NOT NULL,
  `created_at` datetime NOT NULL,
  `created_by` bigint DEFAULT NULL,
  `updated_by` bigint DEFAULT NULL,
  `updated_at` datetime NOT NULL DEFAULT CURRENT_TIMESTAMP,
  PRIMARY KEY (`id`),
  KEY `idx_g_o_wu_id` (`workspace_id`,`user_id`)
) ENGINE=InnoDB AUTO_INCREMENT=198 DEFAULT CHARSET=utf8mb4 COLLATE=utf8mb4_unicode_ci;
/*!40101 SET character_set_client = @saved_cs_client */;

--
-- Dumping data for table `growth_opportunity`
--

LOCK TABLES `growth_opportunity` WRITE;
/*!40000 ALTER TABLE `growth_opportunity` DISABLE KEYS */;
INSERT INTO `growth_opportunity` VALUES (1,4,390,'Consider temporary reverts for stability',1,'2026-01-21 17:01:13',NULL,NULL,'2026-01-21 17:01:13'),(2,4,472,'Include diagnostic information for issues',1,'2026-01-21 17:14:56',NULL,NULL,'2026-01-21 17:14:56'),(3,4,472,'Provide complete and reproducible examples',1,'2026-01-21 17:14:56',NULL,NULL,'2026-01-21 17:14:56'),(4,4,480,'Ensure completeness of PR documentation',1,'2026-01-22 03:17:39',NULL,NULL,'2026-01-22 03:17:39'),(5,4,480,'Avoid force-pushing after reviews',1,'2026-01-22 03:17:39',NULL,NULL,'2026-01-22 03:17:39'),(6,5,514,'Ensure temporary reverts for critical issues',1,'2026-01-22 12:09:35',NULL,NULL,'2026-01-22 12:09:35'),(7,5,514,'Investigate and address build failures comprehensively',1,'2026-01-22 12:09:35',NULL,NULL,'2026-01-22 12:09:35'),(8,5,516,'Enhance documentation clarity',1,'2026-01-22 12:10:03',NULL,NULL,'2026-01-22 12:10:03'),(9,5,516,'Clarify and improve error messages',1,'2026-01-22 12:10:03',NULL,NULL,'2026-01-22 12:10:03'),(10,5,516,'Address and resolve test failures',1,'2026-01-22 12:10:03',NULL,NULL,'2026-01-22 12:10:03'),(11,5,516,'Ensure consistency in test updates',1,'2026-01-22 12:10:03',NULL,NULL,'2026-01-22 12:10:03'),(12,5,512,'Ensure consistency in data type handling',1,'2026-01-22 12:10:07',NULL,NULL,'2026-01-22 12:10:07'),(13,5,512,'Improve test coverage and reliability',1,'2026-01-22 12:10:07',NULL,NULL,'2026-01-22 12:10:07'),(14,5,512,'Enhance collaboration and communication',1,'2026-01-22 12:10:07',NULL,NULL,'2026-01-22 12:10:07'),(15,5,512,'Clarify and document API behaviors',1,'2026-01-22 12:10:07',NULL,NULL,'2026-01-22 12:10:07'),(16,5,517,'Improve clarity in documentation and communication',1,'2026-01-22 12:10:25',NULL,NULL,'2026-01-22 12:10:25'),(17,5,517,'Clarify fallback behavior for optional dependencies',1,'2026-01-22 12:10:25',NULL,NULL,'2026-01-22 12:10:25'),(18,5,517,'Streamline decision-making processes for major changes',1,'2026-01-22 12:10:25',NULL,NULL,'2026-01-22 12:10:25'),(19,5,517,'Ensure consistent behavior across dependency configurations',1,'2026-01-22 12:10:25',NULL,NULL,'2026-01-22 12:10:25'),(20,5,519,'Align feature requests with project scope',1,'2026-01-22 12:10:28',NULL,NULL,'2026-01-22 12:10:28'),(21,5,519,'Clarify and refine feature proposals',1,'2026-01-22 12:10:28',NULL,NULL,'2026-01-22 12:10:28'),(22,5,519,'Engage with feedback constructively',1,'2026-01-22 12:10:28',NULL,NULL,'2026-01-22 12:10:28'),(23,5,519,'Provide concise and relevant examples',1,'2026-01-22 12:10:28',NULL,NULL,'2026-01-22 12:10:28'),(24,5,520,'Ensure release notes are updated',1,'2026-01-22 12:10:40',NULL,NULL,'2026-01-22 12:10:40'),(25,5,520,'Address CI and linting issues proactively',1,'2026-01-22 12:10:40',NULL,NULL,'2026-01-22 12:10:40'),(26,5,520,'Clarify documentation changes and impacts',1,'2026-01-22 12:10:40',NULL,NULL,'2026-01-22 12:10:40'),(27,5,521,'Ensure thorough testing for edge cases',1,'2026-01-22 12:10:46',NULL,NULL,'2026-01-22 12:10:46'),(28,5,521,'Propose actionable solutions in discussions',1,'2026-01-22 12:10:46',NULL,NULL,'2026-01-22 12:10:46'),(29,5,521,'Engage with feedback constructively',1,'2026-01-22 12:10:46',NULL,NULL,'2026-01-22 12:10:46'),(30,5,521,'Clarify and simplify issue descriptions',1,'2026-01-22 12:10:46',NULL,NULL,'2026-01-22 12:10:46'),(31,5,522,'Clarify API design decisions',1,'2026-01-22 12:10:56',NULL,NULL,'2026-01-22 12:10:56'),(32,5,522,'Enhance error handling and user feedback',1,'2026-01-22 12:10:56',NULL,NULL,'2026-01-22 12:10:56'),(33,5,522,'Improve handling of dtype-specific behaviors',1,'2026-01-22 12:10:56',NULL,NULL,'2026-01-22 12:10:56'),(34,5,522,'Ensure documentation consistency',1,'2026-01-22 12:10:56',NULL,NULL,'2026-01-22 12:10:56'),(35,5,524,'Clarify expectations for edge cases',1,'2026-01-22 12:11:15',NULL,NULL,'2026-01-22 12:11:15'),(36,5,524,'Ensure test coverage for fixes',1,'2026-01-22 12:11:15',NULL,NULL,'2026-01-22 12:11:15'),(37,5,527,'Clarify error investigation process',1,'2026-01-22 12:11:44',NULL,NULL,'2026-01-22 12:11:44'),(38,5,527,'Improve awareness of existing issues',1,'2026-01-22 12:11:44',NULL,NULL,'2026-01-22 12:11:44'),(39,5,529,'Clarify expected behavior in edge cases',1,'2026-01-22 12:12:11',NULL,NULL,'2026-01-22 12:12:11'),(40,5,529,'Address all code references during changes',1,'2026-01-22 12:12:11',NULL,NULL,'2026-01-22 12:12:11'),(41,5,529,'Resolve test failures promptly',1,'2026-01-22 12:12:11',NULL,NULL,'2026-01-22 12:12:11'),(42,5,529,'Ensure thorough documentation updates',1,'2026-01-22 12:12:11',NULL,NULL,'2026-01-22 12:12:11'),(43,5,530,'Ensure test coverage for new features',1,'2026-01-22 12:12:26',NULL,NULL,'2026-01-22 12:12:26'),(44,5,530,'Clarify and enhance benchmark reporting',1,'2026-01-22 12:12:26',NULL,NULL,'2026-01-22 12:12:26'),(45,5,530,'Provide detailed explanations for changes',1,'2026-01-22 12:12:26',NULL,NULL,'2026-01-22 12:12:26'),(46,5,530,'Address CI failures promptly',1,'2026-01-22 12:12:26',NULL,NULL,'2026-01-22 12:12:26'),(47,5,531,'Ensure compatibility with existing options',1,'2026-01-22 12:12:28',NULL,NULL,'2026-01-22 12:12:28'),(48,5,531,'Clarify and refine proposals for changes',1,'2026-01-22 12:12:28',NULL,NULL,'2026-01-22 12:12:28'),(49,5,531,'Consider implications of changes on existing behavior',1,'2026-01-22 12:12:28',NULL,NULL,'2026-01-22 12:12:28'),(50,5,531,'Provide clear use cases for proposed changes',1,'2026-01-22 12:12:28',NULL,NULL,'2026-01-22 12:12:28'),(51,5,532,'Clarify and contextualize issue reports',1,'2026-01-22 12:12:35',NULL,NULL,'2026-01-22 12:12:35'),(52,5,532,'Provide detailed reproduction steps',1,'2026-01-22 12:12:35',NULL,NULL,'2026-01-22 12:12:35'),(53,5,533,'Consider edge cases in proposed solutions',1,'2026-01-22 12:12:51',NULL,NULL,'2026-01-22 12:12:51'),(54,5,533,'Clarify and simplify examples in reports',1,'2026-01-22 12:12:51',NULL,NULL,'2026-01-22 12:12:51'),(55,5,533,'Use appropriate tools for scalar detection',1,'2026-01-22 12:12:51',NULL,NULL,'2026-01-22 12:12:51'),(56,5,533,'Ensure compatibility with external libraries',1,'2026-01-22 12:12:51',NULL,NULL,'2026-01-22 12:12:51'),(57,5,536,'Use permalinks for code references',1,'2026-01-22 12:13:16',NULL,NULL,'2026-01-22 12:13:16'),(58,5,536,'Consider performance impacts of changes',1,'2026-01-22 12:13:16',NULL,NULL,'2026-01-22 12:13:16'),(59,5,536,'Provide reproducible examples in plaintext',1,'2026-01-22 12:13:16',NULL,NULL,'2026-01-22 12:13:16'),(60,5,543,'Clarify API design decisions',1,'2026-01-22 12:14:26',NULL,NULL,'2026-01-22 12:14:26'),(61,5,543,'Propose actionable warnings for edge cases',1,'2026-01-22 12:14:26',NULL,NULL,'2026-01-22 12:14:26'),(62,5,543,'Advocate for user-friendly documentation',1,'2026-01-22 12:14:26',NULL,NULL,'2026-01-22 12:14:26'),(63,5,544,'Investigate implications of proposed changes',1,'2026-01-22 12:14:37',NULL,NULL,'2026-01-22 12:14:37'),(64,5,544,'Clarify root causes in bug analysis',1,'2026-01-22 12:14:37',NULL,NULL,'2026-01-22 12:14:37'),(65,5,544,'Ensure correctness in workaround implementations',1,'2026-01-22 12:14:37',NULL,NULL,'2026-01-22 12:14:37'),(66,5,545,'Clarify backporting and versioning policies',1,'2026-01-22 12:14:48',NULL,NULL,'2026-01-22 12:14:48'),(67,5,545,'Provide actionable steps for issue resolution',1,'2026-01-22 12:14:48',NULL,NULL,'2026-01-22 12:14:48'),(68,5,545,'Focus on current and supported versions',1,'2026-01-22 12:14:48',NULL,NULL,'2026-01-22 12:14:48'),(69,5,550,'Address stale PRs proactively',1,'2026-01-22 12:15:35',NULL,NULL,'2026-01-22 12:15:35'),(70,5,550,'Clarify API documentation for public exposure',1,'2026-01-22 12:15:35',NULL,NULL,'2026-01-22 12:15:35'),(71,5,551,'Align proposals with project scope',1,'2026-01-22 12:15:46',NULL,NULL,'2026-01-22 12:15:46'),(72,5,551,'Clarify feature differentiation',1,'2026-01-22 12:15:46',NULL,NULL,'2026-01-22 12:15:46'),(73,5,552,'Ensure main branch consistency',1,'2026-01-22 12:15:56',NULL,NULL,'2026-01-22 12:15:56'),(74,5,552,'Clarify backporting processes',1,'2026-01-22 12:15:56',NULL,NULL,'2026-01-22 12:15:56'),(75,5,554,'Provide detailed examples for context',1,'2026-01-22 12:16:16',NULL,NULL,'2026-01-22 12:16:16'),(76,5,554,'Acknowledge and address performance concerns',1,'2026-01-22 12:16:16',NULL,NULL,'2026-01-22 12:16:16'),(77,5,554,'Clarify expectations for issue resolution',1,'2026-01-22 12:16:16',NULL,NULL,'2026-01-22 12:16:16'),(78,5,555,'Clarify and simplify proposed API changes',1,'2026-01-22 12:16:27',NULL,NULL,'2026-01-22 12:16:27'),(79,5,555,'Consider maintainability in feature design',1,'2026-01-22 12:16:27',NULL,NULL,'2026-01-22 12:16:27'),(80,5,555,'Engage reviewers early for feedback',1,'2026-01-22 12:16:27',NULL,NULL,'2026-01-22 12:16:27'),(81,5,558,'Provide detailed explanations for technical decisions',1,'2026-01-22 12:16:58',NULL,NULL,'2026-01-22 12:16:58'),(82,5,558,'Clarify testing and debugging processes',1,'2026-01-22 12:16:58',NULL,NULL,'2026-01-22 12:16:58'),(83,5,558,'Ensure CI stability and address failures',1,'2026-01-22 12:16:58',NULL,NULL,'2026-01-22 12:16:58'),(84,5,558,'Improve communication of PR readiness',1,'2026-01-22 12:16:58',NULL,NULL,'2026-01-22 12:16:58'),(85,5,561,'Propose solutions to address maintenance concerns',1,'2026-01-22 12:17:26',NULL,NULL,'2026-01-22 12:17:26'),(86,5,561,'Engage in discussions to refine implementation',1,'2026-01-22 12:17:26',NULL,NULL,'2026-01-22 12:17:26'),(87,5,561,'Clarify and align on project scope early',1,'2026-01-22 12:17:26',NULL,NULL,'2026-01-22 12:17:26'),(88,5,565,'Clarify and align on design decisions',1,'2026-01-22 12:18:06',NULL,NULL,'2026-01-22 12:18:06'),(89,5,565,'Consider performance implications in solutions',1,'2026-01-22 12:18:06',NULL,NULL,'2026-01-22 12:18:06'),(90,5,565,'Ensure consistency across API methods',1,'2026-01-22 12:18:06',NULL,NULL,'2026-01-22 12:18:06'),(91,5,570,'Evaluate performance impacts of solutions',1,'2026-01-22 12:18:57',NULL,NULL,'2026-01-22 12:18:57'),(92,5,570,'Clarify and streamline feature proposals',1,'2026-01-22 12:18:57',NULL,NULL,'2026-01-22 12:18:57'),(93,5,570,'Consider user workflows in feature design',1,'2026-01-22 12:18:57',NULL,NULL,'2026-01-22 12:18:57'),(94,5,571,'Align on assumptions and constraints',1,'2026-01-22 12:19:06',NULL,NULL,'2026-01-22 12:19:06'),(95,5,571,'Clarify problem statements and examples',1,'2026-01-22 12:19:06',NULL,NULL,'2026-01-22 12:19:06'),(96,5,572,'Improve handling of linting and formatting tools',1,'2026-01-22 12:19:20',NULL,NULL,'2026-01-22 12:19:20'),(97,5,572,'Enhance communication about PR readiness',1,'2026-01-22 12:19:20',NULL,NULL,'2026-01-22 12:19:20'),(98,5,572,'Clarify CI and testing processes',1,'2026-01-22 12:19:20',NULL,NULL,'2026-01-22 12:19:20'),(99,5,574,'Clarify expected behavior in edge cases',1,'2026-01-22 12:19:35',NULL,NULL,'2026-01-22 12:19:35'),(100,5,574,'Ensure documentation updates are accurate',1,'2026-01-22 12:19:35',NULL,NULL,'2026-01-22 12:19:35'),(101,5,575,'Improve test coverage and reliability',1,'2026-01-22 12:19:54',NULL,NULL,'2026-01-22 12:19:54'),(102,5,575,'Clarify and address reviewer concerns',1,'2026-01-22 12:19:54',NULL,NULL,'2026-01-22 12:19:54'),(103,5,575,'Enhance documentation and communication',1,'2026-01-22 12:19:54',NULL,NULL,'2026-01-22 12:19:54'),(104,5,575,'Ensure alignment with project goals',1,'2026-01-22 12:19:54',NULL,NULL,'2026-01-22 12:19:54'),(105,5,576,'Clarify technical explanations in discussions',1,'2026-01-22 12:19:57',NULL,NULL,'2026-01-22 12:19:57'),(106,5,576,'Address reviewer feedback comprehensively',1,'2026-01-22 12:19:57',NULL,NULL,'2026-01-22 12:19:57'),(107,5,576,'Investigate and test proposed solutions thoroughly',1,'2026-01-22 12:19:57',NULL,NULL,'2026-01-22 12:19:57'),(108,5,576,'Ensure accurate documentation updates',1,'2026-01-22 12:19:57',NULL,NULL,'2026-01-22 12:19:57'),(109,5,577,'Ensure code changes minimize maintenance burden',1,'2026-01-22 12:20:07',NULL,NULL,'2026-01-22 12:20:07'),(110,5,577,'Clarify expected and actual outputs in bug reports',1,'2026-01-22 12:20:07',NULL,NULL,'2026-01-22 12:20:07'),(111,5,577,'Align new features with existing API conventions',1,'2026-01-22 12:20:07',NULL,NULL,'2026-01-22 12:20:07'),(112,5,581,'Streamline communication in PR reviews',1,'2026-01-22 12:20:48',NULL,NULL,'2026-01-22 12:20:48'),(113,5,581,'Clarify and verify issue tracker searches',1,'2026-01-22 12:20:48',NULL,NULL,'2026-01-22 12:20:48'),(114,5,581,'Enhance awareness of CI and testing dependencies',1,'2026-01-22 12:20:48',NULL,NULL,'2026-01-22 12:20:48'),(115,5,581,'Improve clarity in technical explanations',1,'2026-01-22 12:20:48',NULL,NULL,'2026-01-22 12:20:48'),(116,5,582,'Clarify transition impacts in documentation',1,'2026-01-22 12:20:56',NULL,NULL,'2026-01-22 12:20:56'),(117,5,582,'Ensure alignment on type handling',1,'2026-01-22 12:20:56',NULL,NULL,'2026-01-22 12:20:56'),(118,5,583,'Ensure consistency in type handling',1,'2026-01-22 12:21:07',NULL,NULL,'2026-01-22 12:21:07'),(119,5,583,'Clarify and align on expected behavior',1,'2026-01-22 12:21:07',NULL,NULL,'2026-01-22 12:21:07'),(120,5,583,'Provide detailed reproduction steps',1,'2026-01-22 12:21:07',NULL,NULL,'2026-01-22 12:21:07'),(121,5,584,'Clarify and align on expected behavior',1,'2026-01-22 12:21:19',NULL,NULL,'2026-01-22 12:21:19'),(122,5,584,'Propose solutions for identified inconsistencies',1,'2026-01-22 12:21:19',NULL,NULL,'2026-01-22 12:21:19'),(123,5,584,'Document and communicate edge cases',1,'2026-01-22 12:21:19',NULL,NULL,'2026-01-22 12:21:19'),(124,5,585,'Provide detailed context for reported issues',1,'2026-01-22 12:21:28',NULL,NULL,'2026-01-22 12:21:28'),(125,5,585,'Promptly address review feedback',1,'2026-01-22 12:21:28',NULL,NULL,'2026-01-22 12:21:28'),(126,5,585,'Ensure timely updates to stale pull requests',1,'2026-01-22 12:21:28',NULL,NULL,'2026-01-22 12:21:28'),(127,5,586,'Clarify and refine problem reproduction steps',1,'2026-01-22 12:21:37',NULL,NULL,'2026-01-22 12:21:37'),(128,5,586,'Provide concise and actionable issue reports',1,'2026-01-22 12:21:37',NULL,NULL,'2026-01-22 12:21:37'),(129,5,586,'Improve communication of debugging insights',1,'2026-01-22 12:21:37',NULL,NULL,'2026-01-22 12:21:37'),(130,5,586,'Enhance understanding of dependency management',1,'2026-01-22 12:21:37',NULL,NULL,'2026-01-22 12:21:37'),(131,5,588,'Adhere to established library conventions',1,'2026-01-22 12:21:56',NULL,NULL,'2026-01-22 12:21:56'),(132,5,588,'Ensure backward compatibility in fixes',1,'2026-01-22 12:21:56',NULL,NULL,'2026-01-22 12:21:56'),(133,5,588,'Clarify and align on user expectations',1,'2026-01-22 12:21:56',NULL,NULL,'2026-01-22 12:21:56'),(134,5,590,'Engage with provided documentation and references',1,'2026-01-22 12:22:19',NULL,NULL,'2026-01-22 12:22:19'),(135,5,590,'Focus on actionable and specific feedback',1,'2026-01-22 12:22:19',NULL,NULL,'2026-01-22 12:22:19'),(136,5,590,'Clarify and verify assumptions in discussions',1,'2026-01-22 12:22:19',NULL,NULL,'2026-01-22 12:22:19'),(137,5,590,'Provide concise and relevant examples',1,'2026-01-22 12:22:19',NULL,NULL,'2026-01-22 12:22:19'),(138,5,592,'Clarify rationale for proposed changes',1,'2026-01-22 12:22:38',NULL,NULL,'2026-01-22 12:22:38'),(139,5,592,'Consider performance implications of changes',1,'2026-01-22 12:22:38',NULL,NULL,'2026-01-22 12:22:38'),(140,5,592,'Evaluate dependency necessity and alternatives',1,'2026-01-22 12:22:38',NULL,NULL,'2026-01-22 12:22:38'),(141,5,594,'Clarify technical assumptions in discussions',1,'2026-01-22 12:22:56',NULL,NULL,'2026-01-22 12:22:56'),(142,5,594,'Ensure accurate usage of API parameters',1,'2026-01-22 12:22:56',NULL,NULL,'2026-01-22 12:22:56'),(143,5,596,'Avoid sharing inaccessible or external resources',1,'2026-01-22 12:23:16',NULL,NULL,'2026-01-22 12:23:16'),(144,5,596,'Provide clear and complete issue details',1,'2026-01-22 12:23:16',NULL,NULL,'2026-01-22 12:23:16'),(145,5,596,'Include reproducible examples in bug reports',1,'2026-01-22 12:23:16',NULL,NULL,'2026-01-22 12:23:16'),(146,5,597,'Clarify and refine problem statements',1,'2026-01-22 12:23:26',NULL,NULL,'2026-01-22 12:23:26'),(147,5,597,'Engage with existing solutions and feedback',1,'2026-01-22 12:23:26',NULL,NULL,'2026-01-22 12:23:26'),(148,5,597,'Provide detailed context for issues',1,'2026-01-22 12:23:26',NULL,NULL,'2026-01-22 12:23:26'),(149,5,599,'Add whatsnew notes for changes',1,'2026-01-22 12:23:47',NULL,NULL,'2026-01-22 12:23:47'),(150,5,599,'Evaluate user-facing impact of changes',1,'2026-01-22 12:23:47',NULL,NULL,'2026-01-22 12:23:47'),(151,5,599,'Provide ASV results for performance PRs',1,'2026-01-22 12:23:47',NULL,NULL,'2026-01-22 12:23:47'),(152,5,600,'Clarify technical concepts in documentation',1,'2026-01-22 12:23:55',NULL,NULL,'2026-01-22 12:23:55'),(153,5,601,'Advocate for secure usage of query and eval',1,'2026-01-22 12:24:07',NULL,NULL,'2026-01-22 12:24:07'),(154,5,601,'Explore secure alternatives for query functionality',1,'2026-01-22 12:24:07',NULL,NULL,'2026-01-22 12:24:07'),(155,5,601,'Improve documentation for security processes',1,'2026-01-22 12:24:07',NULL,NULL,'2026-01-22 12:24:07'),(156,5,601,'Clarify security limitations in documentation',1,'2026-01-22 12:24:07',NULL,NULL,'2026-01-22 12:24:07'),(157,5,604,'Avoid force-pushing after reviews',1,'2026-01-22 12:24:37',NULL,NULL,'2026-01-22 12:24:37'),(158,5,604,'Handle test failures proactively',1,'2026-01-22 12:24:37',NULL,NULL,'2026-01-22 12:24:37'),(159,5,604,'Minimize unnecessary work for reviewers',1,'2026-01-22 12:24:37',NULL,NULL,'2026-01-22 12:24:37'),(160,5,604,'Ensure to add whatsnew notes',1,'2026-01-22 12:24:37',NULL,NULL,'2026-01-22 12:24:37'),(161,5,608,'Propose actionable solutions for unsupported features',1,'2026-01-22 12:25:17',NULL,NULL,'2026-01-22 12:25:17'),(162,5,608,'Clarify support policies in communication',1,'2026-01-22 12:25:17',NULL,NULL,'2026-01-22 12:25:17'),(163,5,614,'Improve test coverage for edge cases',1,'2026-01-22 12:26:17',NULL,NULL,'2026-01-22 12:26:17'),(164,5,614,'Clarify performance impact of changes',1,'2026-01-22 12:26:17',NULL,NULL,'2026-01-22 12:26:17'),(165,5,614,'Ensure consistency in data type operations',1,'2026-01-22 12:26:17',NULL,NULL,'2026-01-22 12:26:17'),(166,5,501,'Clarify procedural aspects in decision-making',1,'2026-01-22 12:27:42',NULL,NULL,'2026-01-22 12:27:42'),(167,5,501,'Ensure documentation reflects runtime behavior',1,'2026-01-22 12:27:42',NULL,NULL,'2026-01-22 12:27:42'),(168,5,500,'Refine exception messages for clarity',1,'2026-01-22 12:27:50',NULL,NULL,'2026-01-22 12:27:50'),(169,5,500,'Clarify and document changes in behavior',1,'2026-01-22 12:27:50',NULL,NULL,'2026-01-22 12:27:50'),(170,5,500,'Improve test coverage for new features',1,'2026-01-22 12:27:50',NULL,NULL,'2026-01-22 12:27:50'),(171,5,500,'Ensure consistent handling of NaN and NA',1,'2026-01-22 12:27:50',NULL,NULL,'2026-01-22 12:27:50'),(172,5,502,'Focus on performance optimization',1,'2026-01-22 12:27:58',NULL,NULL,'2026-01-22 12:27:58'),(173,5,502,'Enhance testing and benchmarking practices',1,'2026-01-22 12:27:58',NULL,NULL,'2026-01-22 12:27:58'),(174,5,502,'Clarify and streamline communication in PRs',1,'2026-01-22 12:27:58',NULL,NULL,'2026-01-22 12:27:58'),(175,5,502,'Improve alignment and consistency in code changes',1,'2026-01-22 12:27:58',NULL,NULL,'2026-01-22 12:27:58'),(176,5,503,'Ensure consistency in dtype handling',1,'2026-01-22 12:28:00',NULL,NULL,'2026-01-22 12:28:00'),(177,5,503,'Enhance support for new features',1,'2026-01-22 12:28:00',NULL,NULL,'2026-01-22 12:28:00'),(178,5,503,'Improve communication of migration impacts',1,'2026-01-22 12:28:00',NULL,NULL,'2026-01-22 12:28:00'),(179,5,503,'Clarify and document complex behaviors',1,'2026-01-22 12:28:00',NULL,NULL,'2026-01-22 12:28:00'),(180,5,505,'Ensure consistent handling of missing values',1,'2026-01-22 12:28:45',NULL,NULL,'2026-01-22 12:28:45'),(181,5,505,'Clarify error messages for invalid operations',1,'2026-01-22 12:28:45',NULL,NULL,'2026-01-22 12:28:45'),(182,5,505,'Improve test coverage for edge cases',1,'2026-01-22 12:28:45',NULL,NULL,'2026-01-22 12:28:45'),(183,5,505,'Optimize performance for specific operations',1,'2026-01-22 12:28:45',NULL,NULL,'2026-01-22 12:28:45'),(184,5,508,'Improve communication on PR status',1,'2026-01-22 12:28:51',NULL,NULL,'2026-01-22 12:28:51'),(185,5,508,'Address stale pull requests promptly',1,'2026-01-22 12:28:51',NULL,NULL,'2026-01-22 12:28:51'),(186,5,508,'Clarify and verify test cases',1,'2026-01-22 12:28:51',NULL,NULL,'2026-01-22 12:28:51'),(187,5,508,'Ensure thorough documentation of fixes',1,'2026-01-22 12:28:51',NULL,NULL,'2026-01-22 12:28:51'),(188,5,510,'Ensure PRs align with team consensus',1,'2026-01-22 12:29:09',NULL,NULL,'2026-01-22 12:29:09'),(189,5,510,'Proactively address test failures',1,'2026-01-22 12:29:09',NULL,NULL,'2026-01-22 12:29:09'),(190,5,510,'Communicate changes in PR relevance',1,'2026-01-22 12:29:09',NULL,NULL,'2026-01-22 12:29:09'),(191,5,510,'Avoid including unrelated files in PRs',1,'2026-01-22 12:29:09',NULL,NULL,'2026-01-22 12:29:09'),(192,5,557,'Clarify and streamline API changes',1,'2026-01-23 03:08:08',NULL,NULL,'2026-01-23 03:08:08'),(193,5,557,'Enhance communication in reviews',1,'2026-01-23 03:08:08',NULL,NULL,'2026-01-23 03:08:08'),(194,5,557,'Improve consistency in feature implementation',1,'2026-01-23 03:08:08',NULL,NULL,'2026-01-23 03:08:08'),(195,5,557,'Balance external contributions and project goals',1,'2026-01-23 03:08:08',NULL,NULL,'2026-01-23 03:08:08'),(196,5,505,'Improve test coverage for string dtype',1,'2026-01-23 03:20:21',NULL,NULL,'2026-01-23 03:20:21'),(197,5,505,'Optimize performance for object array construction',1,'2026-01-23 03:20:21',NULL,NULL,'2026-01-23 03:20:21');
/*!40000 ALTER TABLE `growth_opportunity` ENABLE KEYS */;
UNLOCK TABLES;

--
-- Table structure for table `growth_opportunity_focus_area`
--

DROP TABLE IF EXISTS `growth_opportunity_focus_area`;
/*!40101 SET @saved_cs_client     = @@character_set_client */;
/*!50503 SET character_set_client = utf8mb4 */;
CREATE TABLE `growth_opportunity_focus_area` (
  `id` bigint NOT NULL AUTO_INCREMENT,
  `growth_opportunity_id` bigint NOT NULL,
  `focus_area_id` bigint NOT NULL,
  PRIMARY KEY (`id`),
  UNIQUE KEY `growth_opportunity_id` (`growth_opportunity_id`,`focus_area_id`),
  KEY `focus_area_id` (`focus_area_id`),
  CONSTRAINT `growth_opportunity_focus_area_ibfk_1` FOREIGN KEY (`growth_opportunity_id`) REFERENCES `growth_opportunity` (`id`),
  CONSTRAINT `growth_opportunity_focus_area_ibfk_2` FOREIGN KEY (`focus_area_id`) REFERENCES `focus_area` (`id`)
) ENGINE=InnoDB AUTO_INCREMENT=3030 DEFAULT CHARSET=utf8mb4 COLLATE=utf8mb4_unicode_ci;
/*!40101 SET character_set_client = @saved_cs_client */;

--
-- Dumping data for table `growth_opportunity_focus_area`
--

LOCK TABLES `growth_opportunity_focus_area` WRITE;
/*!40000 ALTER TABLE `growth_opportunity_focus_area` DISABLE KEYS */;
INSERT INTO `growth_opportunity_focus_area` VALUES (5,1,1),(6,2,2),(7,3,2),(8,4,2),(9,5,1),(1918,6,3),(1917,6,5),(2959,7,3),(2958,7,5),(2960,8,4),(2607,9,4),(2608,9,5),(2962,10,3),(2961,10,5),(2964,11,3),(2965,11,4),(2963,11,5),(2891,12,3),(2890,12,5),(2325,13,3),(2324,13,5),(1641,14,5),(2892,15,4),(2252,16,4),(2966,17,4),(1657,18,3),(1656,18,5),(1852,19,3),(1851,19,5),(1660,20,5),(2967,21,4),(2895,23,4),(2969,24,4),(2968,24,5),(2409,25,3),(2408,25,5),(2970,26,4),(2972,27,3),(2971,27,5),(1670,28,5),(2973,30,4),(2974,31,4),(210,32,5),(1864,33,5),(2258,34,4),(2259,34,5),(2975,35,4),(2976,36,5),(2977,37,4),(1678,38,5),(2978,39,4),(1680,40,5),(2829,41,5),(2420,42,4),(2419,42,5),(2979,43,5),(2905,44,4),(2266,45,4),(1873,46,5),(1947,47,5),(2980,48,4),(1876,49,5),(2268,50,4),(2981,51,4),(2270,52,4),(809,53,5),(2982,54,4),(1694,55,5),(2632,56,5),(631,57,4),(1696,58,5),(2983,60,4),(1698,61,5),(2273,62,4),(1699,63,5),(2984,64,4),(1882,65,5),(2985,66,4),(2276,67,4),(2277,67,5),(1703,68,5),(2837,69,5),(2706,70,4),(1706,71,5),(2986,72,4),(2432,73,5),(2987,74,4),(1228,75,4),(1710,76,5),(2914,77,4),(2988,78,4),(1713,79,5),(1714,80,5),(2639,81,4),(2989,82,4),(2990,82,5),(2991,83,5),(1718,85,5),(1719,86,5),(2992,87,4),(2993,88,4),(1722,89,5),(1964,90,5),(1724,91,5),(2994,92,4),(1725,93,5),(2441,94,4),(2995,95,4),(1965,96,5),(2922,97,4),(2996,98,4),(2997,99,4),(2291,100,4),(2292,100,5),(2367,101,5),(2998,102,4),(2999,102,5),(2509,103,4),(3000,104,5),(3001,105,4),(1740,106,5),(1741,107,5),(2295,108,4),(2296,108,5),(1744,109,5),(3002,110,4),(3003,113,4),(3004,113,5),(1971,114,5),(2652,115,4),(3005,116,4),(1973,117,5),(2928,118,5),(3006,119,4),(2303,120,4),(3007,121,4),(1908,122,5),(2305,123,4),(2306,123,5),(2307,124,4),(1756,125,5),(1909,126,5),(2931,127,4),(2309,128,4),(1979,132,5),(3008,133,4),(3009,136,4),(2934,137,4),(3010,138,4),(1913,140,5),(3011,141,4),(2662,142,5),(2592,144,4),(2316,145,4),(3012,146,4),(2459,148,4),(3013,152,4),(2320,155,4),(3014,156,4),(3015,158,5),(2463,160,5),(2322,161,4),(3016,162,4),(3017,163,5),(3018,164,4),(2944,165,5),(3019,166,4),(3020,167,5),(3021,169,4),(3022,170,5),(3023,171,5),(2674,173,5),(3024,174,4),(2950,176,5),(3025,179,4),(2951,180,5),(3026,181,4),(3027,182,5),(2954,186,4),(3028,187,5),(3029,189,5),(2957,192,4);
/*!40000 ALTER TABLE `growth_opportunity_focus_area` ENABLE KEYS */;
UNLOCK TABLES;

--
-- Table structure for table `sbi`
--

DROP TABLE IF EXISTS `sbi`;
/*!40101 SET @saved_cs_client     = @@character_set_client */;
/*!50503 SET character_set_client = utf8mb4 */;
CREATE TABLE `sbi` (
  `id` bigint NOT NULL AUTO_INCREMENT,
  `feedback_id` bigint NOT NULL,
  `situation` text COLLATE utf8mb4_unicode_ci NOT NULL,
  `behavior` text COLLATE utf8mb4_unicode_ci NOT NULL,
  `impact` text COLLATE utf8mb4_unicode_ci NOT NULL,
  PRIMARY KEY (`id`),
  KEY `feedback_id` (`feedback_id`),
  CONSTRAINT `sbi_ibfk_1` FOREIGN KEY (`feedback_id`) REFERENCES `feedback` (`id`)
) ENGINE=InnoDB DEFAULT CHARSET=utf8mb4 COLLATE=utf8mb4_unicode_ci;
/*!40101 SET character_set_client = @saved_cs_client */;

--
-- Dumping data for table `sbi`
--

LOCK TABLES `sbi` WRITE;
/*!40000 ALTER TABLE `sbi` DISABLE KEYS */;
/*!40000 ALTER TABLE `sbi` ENABLE KEYS */;
UNLOCK TABLES;

--
-- Table structure for table `ssc`
--

DROP TABLE IF EXISTS `ssc`;
/*!40101 SET @saved_cs_client     = @@character_set_client */;
/*!50503 SET character_set_client = utf8mb4 */;
CREATE TABLE `ssc` (
  `id` bigint NOT NULL AUTO_INCREMENT,
  `feedback_id` bigint NOT NULL,
  `start` text COLLATE utf8mb4_unicode_ci NOT NULL,
  `stop` text COLLATE utf8mb4_unicode_ci NOT NULL,
  `cont` text COLLATE utf8mb4_unicode_ci NOT NULL,
  PRIMARY KEY (`id`),
  KEY `feedback_id` (`feedback_id`),
  CONSTRAINT `ssc_ibfk_1` FOREIGN KEY (`feedback_id`) REFERENCES `feedback` (`id`)
) ENGINE=InnoDB DEFAULT CHARSET=utf8mb4 COLLATE=utf8mb4_unicode_ci;
/*!40101 SET character_set_client = @saved_cs_client */;

--
-- Dumping data for table `ssc`
--

LOCK TABLES `ssc` WRITE;
/*!40000 ALTER TABLE `ssc` DISABLE KEYS */;
/*!40000 ALTER TABLE `ssc` ENABLE KEYS */;
UNLOCK TABLES;

--
-- Table structure for table `star`
--

DROP TABLE IF EXISTS `star`;
/*!40101 SET @saved_cs_client     = @@character_set_client */;
/*!50503 SET character_set_client = utf8mb4 */;
CREATE TABLE `star` (
  `id` bigint NOT NULL AUTO_INCREMENT,
  `feedback_id` bigint NOT NULL,
  `situation` text COLLATE utf8mb4_unicode_ci NOT NULL,
  `task` text COLLATE utf8mb4_unicode_ci NOT NULL,
  `act` text COLLATE utf8mb4_unicode_ci NOT NULL,
  `result` text COLLATE utf8mb4_unicode_ci NOT NULL,
  PRIMARY KEY (`id`),
  KEY `feedback_id` (`feedback_id`),
  CONSTRAINT `star_ibfk_1` FOREIGN KEY (`feedback_id`) REFERENCES `feedback` (`id`)
) ENGINE=InnoDB DEFAULT CHARSET=utf8mb4 COLLATE=utf8mb4_unicode_ci;
/*!40101 SET character_set_client = @saved_cs_client */;

--
-- Dumping data for table `star`
--

LOCK TABLES `star` WRITE;
/*!40000 ALTER TABLE `star` DISABLE KEYS */;
/*!40000 ALTER TABLE `star` ENABLE KEYS */;
UNLOCK TABLES;

--
-- Table structure for table `strength`
--

DROP TABLE IF EXISTS `strength`;
/*!40101 SET @saved_cs_client     = @@character_set_client */;
/*!50503 SET character_set_client = utf8mb4 */;
CREATE TABLE `strength` (
  `id` bigint NOT NULL AUTO_INCREMENT,
  `workspace_id` bigint NOT NULL,
  `user_id` bigint NOT NULL,
  `title` varchar(255) COLLATE utf8mb4_unicode_ci NOT NULL,
  `active` tinyint(1) NOT NULL,
  `created_at` datetime NOT NULL,
  `created_by` bigint DEFAULT NULL,
  `updated_by` bigint DEFAULT NULL,
  `updated_at` datetime NOT NULL DEFAULT CURRENT_TIMESTAMP,
  PRIMARY KEY (`id`),
  KEY `idx_str_wu_id` (`workspace_id`,`user_id`)
) ENGINE=InnoDB AUTO_INCREMENT=197 DEFAULT CHARSET=utf8mb4 COLLATE=utf8mb4_unicode_ci;
/*!40101 SET character_set_client = @saved_cs_client */;

--
-- Dumping data for table `strength`
--

LOCK TABLES `strength` WRITE;
/*!40000 ALTER TABLE `strength` DISABLE KEYS */;
INSERT INTO `strength` VALUES (1,1,27,'Proactively addresses potential issues',1,'2026-01-12 17:32:19',NULL,NULL,'2026-01-12 17:32:19'),(2,1,27,'Engages in collaborative problem-solving',1,'2026-01-12 17:32:19',NULL,NULL,'2026-01-12 17:32:19'),(3,1,29,'Proactively addresses feedback',1,'2026-01-12 17:32:38',NULL,NULL,'2026-01-12 17:32:38'),(4,1,29,'Encourages collaboration',1,'2026-01-12 17:32:38',NULL,NULL,'2026-01-12 17:32:38'),(5,1,37,'Provides detailed technical insights',1,'2026-01-12 17:34:01',NULL,NULL,'2026-01-12 17:34:01'),(6,1,37,'Engages in collaborative problem-solving',1,'2026-01-12 17:34:01',NULL,NULL,'2026-01-12 17:34:01'),(7,1,40,'Proactively seeks feedback',1,'2026-01-12 17:34:29',NULL,NULL,'2026-01-12 17:34:29'),(8,1,40,'Engages in collaborative problem-solving',1,'2026-01-12 17:34:29',NULL,NULL,'2026-01-12 17:34:29'),(9,1,47,'Advocates for user experience',1,'2026-01-12 17:35:29',NULL,NULL,'2026-01-12 17:35:29'),(10,1,47,'Engages in constructive dialogue',1,'2026-01-12 17:35:29',NULL,NULL,'2026-01-12 17:35:29'),(11,1,59,'Proposes thoughtful design alternatives',1,'2026-01-12 17:37:31',NULL,NULL,'2026-01-12 17:37:31'),(12,1,59,'Engages in collaborative problem-solving',1,'2026-01-12 17:37:31',NULL,NULL,'2026-01-12 17:37:31'),(13,1,61,'Proposes practical solutions',1,'2026-01-12 17:38:06',NULL,NULL,'2026-01-12 17:38:06'),(14,1,61,'Encourages thoughtful discussion',1,'2026-01-12 17:38:06',NULL,NULL,'2026-01-12 17:38:06'),(15,1,65,'Seeks collaborative solutions',1,'2026-01-12 17:38:30',NULL,NULL,'2026-01-12 17:38:30'),(16,1,65,'Engages proactively in discussions',1,'2026-01-12 17:38:30',NULL,NULL,'2026-01-12 17:38:30'),(17,1,79,'Engages in collaborative problem-solving',1,'2026-01-12 17:40:53',NULL,NULL,'2026-01-12 17:40:53'),(18,1,79,'Proactively addresses feedback',1,'2026-01-12 17:40:53',NULL,NULL,'2026-01-12 17:40:53'),(19,1,87,'Provides actionable insights',1,'2026-01-12 17:41:59',NULL,NULL,'2026-01-12 17:41:59'),(20,1,87,'Engages in collaborative problem-solving',1,'2026-01-12 17:41:59',NULL,NULL,'2026-01-12 17:41:59'),(21,2,133,'Proactively addresses potential issues',1,'2026-01-12 17:48:02',NULL,NULL,'2026-01-12 17:48:02'),(22,2,133,'Engages in collaborative problem-solving',1,'2026-01-12 17:48:02',NULL,NULL,'2026-01-12 17:48:02'),(23,2,143,'Provides clear and actionable feedback',1,'2026-01-12 17:49:21',NULL,NULL,'2026-01-12 17:49:21'),(24,2,143,'Engages in collaborative problem-solving',1,'2026-01-12 17:49:21',NULL,NULL,'2026-01-12 17:49:21'),(25,2,161,'Provides detailed technical insights',1,'2026-01-12 17:52:24',NULL,NULL,'2026-01-12 17:52:24'),(26,2,161,'Engages in collaborative problem-solving',1,'2026-01-12 17:52:24',NULL,NULL,'2026-01-12 17:52:24'),(27,2,164,'Proactively seeks feedback',1,'2026-01-12 17:52:51',NULL,NULL,'2026-01-12 17:52:51'),(28,2,164,'Engages in collaborative problem-solving',1,'2026-01-12 17:52:51',NULL,NULL,'2026-01-12 17:52:51'),(29,2,169,'Encourages collaborative feedback',1,'2026-01-12 17:53:41',NULL,NULL,'2026-01-12 17:53:41'),(30,2,169,'Demonstrates thoroughness in addressing feedback',1,'2026-01-12 17:53:41',NULL,NULL,'2026-01-12 17:53:41'),(31,2,171,'Advocates for user experience',1,'2026-01-12 17:53:51',NULL,NULL,'2026-01-12 17:53:51'),(32,2,171,'Engages in constructive dialogue',1,'2026-01-12 17:53:51',NULL,NULL,'2026-01-12 17:53:51'),(33,2,183,'Proposes thoughtful design alternatives',1,'2026-01-12 17:55:52',NULL,NULL,'2026-01-12 17:55:52'),(34,2,183,'Engages in collaborative problem-solving',1,'2026-01-12 17:55:52',NULL,NULL,'2026-01-12 17:55:52'),(35,2,186,'Proactively seeks solutions',1,'2026-01-12 17:56:24',NULL,NULL,'2026-01-12 17:56:24'),(36,2,186,'Facilitates progress',1,'2026-01-12 17:56:24',NULL,NULL,'2026-01-12 17:56:24'),(37,2,185,'Supports decision-making',1,'2026-01-12 17:56:28',NULL,NULL,'2026-01-12 17:56:28'),(38,2,185,'Encourages collaboration',1,'2026-01-12 17:56:28',NULL,NULL,'2026-01-12 17:56:28'),(39,2,189,'Engages proactively in discussions',1,'2026-01-12 17:56:51',NULL,NULL,'2026-01-12 17:56:51'),(40,2,189,'Addresses feedback constructively',1,'2026-01-12 17:56:51',NULL,NULL,'2026-01-12 17:56:51'),(41,2,205,'Encourages collaborative problem-solving',1,'2026-01-12 17:59:32',NULL,NULL,'2026-01-12 17:59:32'),(42,2,205,'Proposes practical solutions',1,'2026-01-12 17:59:32',NULL,NULL,'2026-01-12 17:59:32'),(43,2,207,'Seeks feedback',1,'2026-01-12 17:59:54',NULL,NULL,'2026-01-12 17:59:54'),(44,2,207,'Maintains engagement',1,'2026-01-12 17:59:54',NULL,NULL,'2026-01-12 17:59:54'),(45,3,257,'Proactively addresses compatibility',1,'2026-01-12 18:05:42',NULL,NULL,'2026-01-12 18:05:42'),(46,3,257,'Ensures correctness in behavior',1,'2026-01-12 18:05:42',NULL,NULL,'2026-01-12 18:05:42'),(47,3,260,'Provides clear explanations',1,'2026-01-12 18:05:43',NULL,NULL,'2026-01-12 18:05:43'),(48,3,260,'Engages proactively',1,'2026-01-12 18:05:43',NULL,NULL,'2026-01-12 18:05:43'),(49,3,264,'Provides constructive feedback',1,'2026-01-12 18:06:48',NULL,NULL,'2026-01-12 18:06:48'),(50,3,264,'Engages in collaborative problem-solving',1,'2026-01-12 18:06:48',NULL,NULL,'2026-01-12 18:06:48'),(51,3,268,'Seeks and incorporates feedback',1,'2026-01-12 18:07:07',NULL,NULL,'2026-01-12 18:07:07'),(52,3,268,'Clarifies and improves error messages',1,'2026-01-12 18:07:07',NULL,NULL,'2026-01-12 18:07:07'),(53,3,269,'Encourages thoughtful decision-making',1,'2026-01-12 18:07:22',NULL,NULL,'2026-01-12 18:07:22'),(54,3,269,'Promotes clarity in discussions',1,'2026-01-12 18:07:22',NULL,NULL,'2026-01-12 18:07:22'),(55,3,282,'Seeks and incorporates feedback',1,'2026-01-12 18:09:27',NULL,NULL,'2026-01-12 18:09:27'),(56,3,282,'Proactively clarifies requirements',1,'2026-01-12 18:09:27',NULL,NULL,'2026-01-12 18:09:27'),(57,3,285,'Engages in collaborative problem-solving',1,'2026-01-12 18:09:57',NULL,NULL,'2026-01-12 18:09:57'),(58,3,285,'Provides detailed and thoughtful feedback',1,'2026-01-12 18:09:57',NULL,NULL,'2026-01-12 18:09:57'),(59,3,288,'Proactively seeks feedback',1,'2026-01-12 18:10:23',NULL,NULL,'2026-01-12 18:10:23'),(60,3,288,'Engages in collaborative problem-solving',1,'2026-01-12 18:10:23',NULL,NULL,'2026-01-12 18:10:23'),(61,3,293,'Seeks alignment and clarity',1,'2026-01-12 18:11:16',NULL,NULL,'2026-01-12 18:11:16'),(62,3,293,'Encourages constructive feedback',1,'2026-01-12 18:11:16',NULL,NULL,'2026-01-12 18:11:16'),(63,3,295,'Advocates for user experience',1,'2026-01-12 18:11:32',NULL,NULL,'2026-01-12 18:11:32'),(64,3,295,'Proposes actionable improvements',1,'2026-01-12 18:11:32',NULL,NULL,'2026-01-12 18:11:32'),(65,3,296,'Proposes practical solutions',1,'2026-01-12 18:11:42',NULL,NULL,'2026-01-12 18:11:42'),(66,3,296,'Analyzes issues comprehensively',1,'2026-01-12 18:11:42',NULL,NULL,'2026-01-12 18:11:42'),(67,3,307,'Proposes thoughtful design alternatives',1,'2026-01-12 18:13:33',NULL,NULL,'2026-01-12 18:13:33'),(68,3,307,'Engages in collaborative problem-solving',1,'2026-01-12 18:13:33',NULL,NULL,'2026-01-12 18:13:33'),(69,3,309,'Addresses reviewer feedback promptly',1,'2026-01-12 18:14:10',NULL,NULL,'2026-01-12 18:14:10'),(70,3,309,'Engages in constructive discussions',1,'2026-01-12 18:14:10',NULL,NULL,'2026-01-12 18:14:10'),(71,3,327,'Demonstrates thorough follow-through',1,'2026-01-12 18:16:56',NULL,NULL,'2026-01-12 18:16:56'),(72,3,327,'Proactively seeks feedback',1,'2026-01-12 18:16:56',NULL,NULL,'2026-01-12 18:16:56'),(73,3,329,'Encourages collaborative problem-solving',1,'2026-01-12 18:17:14',NULL,NULL,'2026-01-12 18:17:14'),(74,3,329,'Advocates for user-friendly design',1,'2026-01-12 18:17:14',NULL,NULL,'2026-01-12 18:17:14'),(75,3,331,'Incorporates feedback effectively',1,'2026-01-12 18:17:37',NULL,NULL,'2026-01-12 18:17:37'),(76,3,331,'Maintains engagement',1,'2026-01-12 18:17:37',NULL,NULL,'2026-01-12 18:17:37'),(77,3,351,'Engages in constructive dialogue',1,'2026-01-12 18:20:54',NULL,NULL,'2026-01-12 18:20:54'),(78,3,351,'Provides detailed performance analysis',1,'2026-01-12 18:20:54',NULL,NULL,'2026-01-12 18:20:54'),(79,3,360,'Proposes practical solutions',1,'2026-01-12 18:22:23',NULL,NULL,'2026-01-12 18:22:23'),(80,3,360,'Engages in collaborative problem-solving',1,'2026-01-12 18:22:23',NULL,NULL,'2026-01-12 18:22:23'),(81,3,252,'Addresses comments thoroughly',1,'2026-01-12 18:24:52',NULL,NULL,'2026-01-12 18:24:52'),(82,3,252,'Proactively seeks feedback',1,'2026-01-12 18:24:52',NULL,NULL,'2026-01-12 18:24:52'),(83,3,254,'Proactively addresses CI issues',1,'2026-01-12 18:25:03',NULL,NULL,'2026-01-12 18:25:03'),(84,3,254,'Ensures compatibility across dependencies',1,'2026-01-12 18:25:03',NULL,NULL,'2026-01-12 18:25:03'),(85,1,9,'Ensures backward compatibility',1,'2026-01-13 03:01:32',NULL,NULL,'2026-01-13 03:01:32'),(86,1,9,'Addresses potential issues proactively',1,'2026-01-13 03:01:32',NULL,NULL,'2026-01-13 03:01:32'),(87,1,23,'Provides detailed context',1,'2026-01-13 03:03:29',NULL,NULL,'2026-01-13 03:03:29'),(88,1,23,'Engages in constructive discussions',1,'2026-01-13 03:03:29',NULL,NULL,'2026-01-13 03:03:29'),(89,1,34,'Proactively addresses issues',1,'2026-01-13 03:05:20',NULL,NULL,'2026-01-13 03:05:20'),(90,1,34,'Seeks constructive feedback',1,'2026-01-13 03:05:20',NULL,NULL,'2026-01-13 03:05:20'),(91,1,45,'Seeks clarity in discussions',1,'2026-01-13 03:07:01',NULL,NULL,'2026-01-13 03:07:01'),(92,1,45,'Engages in collaborative refinement',1,'2026-01-13 03:07:01',NULL,NULL,'2026-01-13 03:07:01'),(93,1,61,'Encourages methodical testing',1,'2026-01-13 03:09:55',NULL,NULL,'2026-01-13 03:09:55'),(94,1,71,'Encourages collaborative decision-making',1,'2026-01-13 03:11:23',NULL,NULL,'2026-01-13 03:11:23'),(95,1,71,'Facilitates constructive discussions',1,'2026-01-13 03:11:23',NULL,NULL,'2026-01-13 03:11:23'),(96,1,81,'Engages in collaborative problem-solving',1,'2026-01-13 03:12:59',NULL,NULL,'2026-01-13 03:12:59'),(97,1,81,'Proposes practical solutions',1,'2026-01-13 03:12:59',NULL,NULL,'2026-01-13 03:12:59'),(98,1,83,'Maintains engagement',1,'2026-01-13 03:13:20',NULL,NULL,'2026-01-13 03:13:20'),(99,1,83,'Seeks clarity',1,'2026-01-13 03:13:20',NULL,NULL,'2026-01-13 03:13:20'),(100,2,127,'Proactively addresses feedback',1,'2026-01-13 03:18:48',NULL,NULL,'2026-01-13 03:18:48'),(101,2,127,'Ensures thorough testing',1,'2026-01-13 03:18:48',NULL,NULL,'2026-01-13 03:18:48'),(102,2,156,'Proposes practical solutions',1,'2026-01-13 03:23:21',NULL,NULL,'2026-01-13 03:23:21'),(103,2,156,'Engages in constructive discussions',1,'2026-01-13 03:23:21',NULL,NULL,'2026-01-13 03:23:21'),(104,2,185,'Proposes practical solutions',1,'2026-01-13 03:28:17',NULL,NULL,'2026-01-13 03:28:17'),(105,3,257,'Addresses backward compatibility',1,'2026-01-13 03:37:30',NULL,NULL,'2026-01-13 03:37:30'),(106,3,271,'Engages in constructive dialogue',1,'2026-01-13 03:39:22',NULL,NULL,'2026-01-13 03:39:22'),(107,3,271,'Provides detailed context',1,'2026-01-13 03:39:22',NULL,NULL,'2026-01-13 03:39:22'),(108,3,299,'Proactively seeks feedback',1,'2026-01-13 03:44:02',NULL,NULL,'2026-01-13 03:44:02'),(109,3,299,'Engages in collaborative problem-solving',1,'2026-01-13 03:44:02',NULL,NULL,'2026-01-13 03:44:02'),(110,3,309,'Proactively addresses CI issues',1,'2026-01-13 03:45:58',NULL,NULL,'2026-01-13 03:45:58'),(111,3,313,'Seeks collaborative solutions',1,'2026-01-13 03:46:21',NULL,NULL,'2026-01-13 03:46:21'),(112,3,313,'Engages proactively in discussions',1,'2026-01-13 03:46:21',NULL,NULL,'2026-01-13 03:46:21'),(113,3,328,'Proactively addresses potential issues',1,'2026-01-13 03:48:51',NULL,NULL,'2026-01-13 03:48:51'),(114,3,328,'Engages in collaborative problem-solving',1,'2026-01-13 03:48:51',NULL,NULL,'2026-01-13 03:48:51'),(115,3,251,'Ensures documentation accuracy',1,'2026-01-13 03:56:36',NULL,NULL,'2026-01-13 03:56:36'),(116,3,251,'Proactively addresses potential issues',1,'2026-01-13 03:56:36',NULL,NULL,'2026-01-13 03:56:36'),(117,4,375,'Thoroughly investigates internal impacts',1,'2026-01-21 16:59:09',NULL,NULL,'2026-01-21 16:59:09'),(118,4,375,'Proactively addresses potential issues',1,'2026-01-21 16:59:09',NULL,NULL,'2026-01-21 16:59:09'),(119,4,376,'Proactively seeks feedback',1,'2026-01-21 16:59:34',NULL,NULL,'2026-01-21 16:59:34'),(120,4,376,'Addresses comments effectively',1,'2026-01-21 16:59:34',NULL,NULL,'2026-01-21 16:59:34'),(121,4,381,'Improves test coverage',1,'2026-01-21 17:00:06',NULL,NULL,'2026-01-21 17:00:06'),(122,4,381,'Ensures correctness in indexing',1,'2026-01-21 17:00:06',NULL,NULL,'2026-01-21 17:00:06'),(123,4,388,'Proactively seeks feedback',1,'2026-01-21 17:01:14',NULL,NULL,'2026-01-21 17:01:14'),(124,4,388,'Engages in collaborative problem-solving',1,'2026-01-21 17:01:14',NULL,NULL,'2026-01-21 17:01:14'),(125,4,393,'Supports collaborative problem-solving',1,'2026-01-21 17:02:02',NULL,NULL,'2026-01-21 17:02:02'),(126,4,393,'Encourages thoughtful discussion',1,'2026-01-21 17:02:02',NULL,NULL,'2026-01-21 17:02:02'),(127,4,400,'Engages in thoughtful questioning',1,'2026-01-21 17:02:54',NULL,NULL,'2026-01-21 17:02:54'),(128,4,400,'Provides detailed examples',1,'2026-01-21 17:02:54',NULL,NULL,'2026-01-21 17:02:54'),(129,4,406,'Communicates progress and challenges',1,'2026-01-21 17:04:08',NULL,NULL,'2026-01-21 17:04:08'),(130,4,406,'Seeks and incorporates feedback',1,'2026-01-21 17:04:08',NULL,NULL,'2026-01-21 17:04:08'),(131,4,409,'Engages in thoughtful problem-solving',1,'2026-01-21 17:04:27',NULL,NULL,'2026-01-21 17:04:27'),(132,4,409,'Seeks and incorporates feedback',1,'2026-01-21 17:04:27',NULL,NULL,'2026-01-21 17:04:27'),(133,4,412,'Proactively seeks feedback',1,'2026-01-21 17:04:55',NULL,NULL,'2026-01-21 17:04:55'),(134,4,412,'Engages in collaborative problem-solving',1,'2026-01-21 17:04:55',NULL,NULL,'2026-01-21 17:04:55'),(135,4,417,'Incorporates feedback effectively',1,'2026-01-21 17:05:50',NULL,NULL,'2026-01-21 17:05:50'),(136,4,417,'Engages in constructive discussions',1,'2026-01-21 17:05:50',NULL,NULL,'2026-01-21 17:05:50'),(137,4,419,'Advocates for user experience',1,'2026-01-21 17:06:05',NULL,NULL,'2026-01-21 17:06:05'),(138,4,419,'Engages in constructive dialogue',1,'2026-01-21 17:06:05',NULL,NULL,'2026-01-21 17:06:05'),(139,4,423,'Thoroughly addresses edge cases',1,'2026-01-21 17:06:48',NULL,NULL,'2026-01-21 17:06:48'),(140,4,423,'Proactively seeks feedback',1,'2026-01-21 17:06:48',NULL,NULL,'2026-01-21 17:06:48'),(141,4,431,'Engages in collaborative problem-solving',1,'2026-01-21 17:08:06',NULL,NULL,'2026-01-21 17:08:06'),(142,4,431,'Seeks and incorporates feedback',1,'2026-01-21 17:08:06',NULL,NULL,'2026-01-21 17:08:06'),(143,4,451,'Proactively seeks feedback',1,'2026-01-21 17:11:29',NULL,NULL,'2026-01-21 17:11:29'),(144,4,451,'Demonstrates thoroughness',1,'2026-01-21 17:11:29',NULL,NULL,'2026-01-21 17:11:29'),(145,4,452,'Proactively addresses issues',1,'2026-01-21 17:11:37',NULL,NULL,'2026-01-21 17:11:37'),(146,4,452,'Engages in collaborative problem-solving',1,'2026-01-21 17:11:37',NULL,NULL,'2026-01-21 17:11:37'),(147,4,453,'Encourages collaborative problem-solving',1,'2026-01-21 17:11:48',NULL,NULL,'2026-01-21 17:11:48'),(148,4,453,'Proposes practical solutions',1,'2026-01-21 17:11:48',NULL,NULL,'2026-01-21 17:11:48'),(149,4,375,'Ensures documentation accuracy',1,'2026-01-22 03:00:28',NULL,NULL,'2026-01-22 03:00:28'),(150,4,378,'Proactively addresses issues',1,'2026-01-22 03:00:47',NULL,NULL,'2026-01-22 03:00:47'),(151,4,378,'Enhances code maintainability',1,'2026-01-22 03:00:47',NULL,NULL,'2026-01-22 03:00:47'),(152,4,433,'Proactively addresses issues',1,'2026-01-22 03:10:05',NULL,NULL,'2026-01-22 03:10:05'),(153,4,433,'Seeks collaborative input',1,'2026-01-22 03:10:05',NULL,NULL,'2026-01-22 03:10:05'),(154,4,475,'Provides detailed performance benchmarks',1,'2026-01-22 03:16:49',NULL,NULL,'2026-01-22 03:16:49'),(155,4,475,'Engages constructively with feedback',1,'2026-01-22 03:16:49',NULL,NULL,'2026-01-22 03:16:49'),(156,5,512,'Proposes practical solutions',1,'2026-01-22 12:10:07',NULL,NULL,'2026-01-22 12:10:07'),(157,5,512,'Encourages collaboration',1,'2026-01-22 12:10:07',NULL,NULL,'2026-01-22 12:10:07'),(158,5,517,'Demonstrates technical insight',1,'2026-01-22 12:10:25',NULL,NULL,'2026-01-22 12:10:25'),(159,5,517,'Engages in collaborative problem-solving',1,'2026-01-22 12:10:25',NULL,NULL,'2026-01-22 12:10:25'),(160,5,530,'Proactively communicates progress',1,'2026-01-22 12:12:26',NULL,NULL,'2026-01-22 12:12:26'),(161,5,530,'Seeks and incorporates feedback',1,'2026-01-22 12:12:26',NULL,NULL,'2026-01-22 12:12:26'),(162,5,533,'Engages in thoughtful problem-solving',1,'2026-01-22 12:12:51',NULL,NULL,'2026-01-22 12:12:51'),(163,5,533,'Seeks and incorporates feedback',1,'2026-01-22 12:12:51',NULL,NULL,'2026-01-22 12:12:51'),(164,5,536,'Proactively seeks feedback',1,'2026-01-22 12:13:16',NULL,NULL,'2026-01-22 12:13:16'),(165,5,536,'Engages in collaborative problem-solving',1,'2026-01-22 12:13:16',NULL,NULL,'2026-01-22 12:13:16'),(166,5,555,'Proactively seeks feedback',1,'2026-01-22 12:16:27',NULL,NULL,'2026-01-22 12:16:27'),(167,5,555,'Engages in collaborative problem-solving',1,'2026-01-22 12:16:27',NULL,NULL,'2026-01-22 12:16:27'),(168,5,575,'Demonstrates initiative in addressing challenges',1,'2026-01-22 12:19:54',NULL,NULL,'2026-01-22 12:19:54'),(169,5,575,'Engages in collaborative problem-solving',1,'2026-01-22 12:19:54',NULL,NULL,'2026-01-22 12:19:54'),(170,5,579,'Maintains engagement',1,'2026-01-22 12:20:29',NULL,NULL,'2026-01-22 12:20:29'),(171,5,579,'Seeks clarity',1,'2026-01-22 12:20:29',NULL,NULL,'2026-01-22 12:20:29'),(172,5,500,'Proactively addresses issues',1,'2026-01-22 12:27:50',NULL,NULL,'2026-01-22 12:27:50'),(173,5,500,'Ensures clarity in communication',1,'2026-01-22 12:27:50',NULL,NULL,'2026-01-22 12:27:50'),(174,5,505,'Proposes thoughtful solutions',1,'2026-01-22 12:28:45',NULL,NULL,'2026-01-22 12:28:45'),(175,5,505,'Enhances clarity in discussions',1,'2026-01-22 12:28:45',NULL,NULL,'2026-01-22 12:28:45'),(176,5,516,'Clarifies error messages',1,'2026-01-23 03:00:56',NULL,NULL,'2026-01-23 03:00:56'),(177,5,516,'Enhances documentation clarity',1,'2026-01-23 03:00:56',NULL,NULL,'2026-01-23 03:00:56'),(178,5,543,'Advocates for user-friendly documentation',1,'2026-01-23 03:05:20',NULL,NULL,'2026-01-23 03:05:20'),(179,5,543,'Proposes actionable warnings for edge cases',1,'2026-01-23 03:05:20',NULL,NULL,'2026-01-23 03:05:20'),(180,5,544,'Clarify root causes in bug analysis',1,'2026-01-23 03:05:28',NULL,NULL,'2026-01-23 03:05:28'),(181,5,557,'Encourages thoughtful discussion',1,'2026-01-23 03:08:08',NULL,NULL,'2026-01-23 03:08:08'),(182,5,557,'Proposes actionable solutions',1,'2026-01-23 03:08:08',NULL,NULL,'2026-01-23 03:08:08'),(183,5,561,'Engages in collaborative problem-solving',1,'2026-01-23 03:08:25',NULL,NULL,'2026-01-23 03:08:25'),(184,5,561,'Proactively addresses feedback',1,'2026-01-23 03:08:25',NULL,NULL,'2026-01-23 03:08:25'),(185,5,576,'Clarify technical explanations in discussions',1,'2026-01-23 03:10:51',NULL,NULL,'2026-01-23 03:10:51'),(186,5,576,'Ensure accurate documentation updates',1,'2026-01-23 03:10:51',NULL,NULL,'2026-01-23 03:10:51'),(187,5,501,'Clarify procedural aspects in decision-making',1,'2026-01-23 03:18:43',NULL,NULL,'2026-01-23 03:18:43'),(188,5,501,'Ensure documentation reflects runtime behavior',1,'2026-01-23 03:18:43',NULL,NULL,'2026-01-23 03:18:43'),(189,5,502,'Focus on performance optimization',1,'2026-01-23 03:18:57',NULL,NULL,'2026-01-23 03:18:57'),(190,5,502,'Enhance testing and benchmarking practices',1,'2026-01-23 03:18:57',NULL,NULL,'2026-01-23 03:18:57'),(191,5,499,'Addresses feedback constructively',1,'2026-01-23 03:19:32',NULL,NULL,'2026-01-23 03:19:32'),(192,5,499,'Proactively resolves issues',1,'2026-01-23 03:19:32',NULL,NULL,'2026-01-23 03:19:32'),(193,5,508,'Provides clear explanations',1,'2026-01-23 03:19:43',NULL,NULL,'2026-01-23 03:19:43'),(194,5,508,'Engages in collaborative problem-solving',1,'2026-01-23 03:19:43',NULL,NULL,'2026-01-23 03:19:43'),(195,5,505,'Addresses edge cases',1,'2026-01-23 03:20:21',NULL,NULL,'2026-01-23 03:20:21'),(196,5,505,'Ensures consistency',1,'2026-01-23 03:20:21',NULL,NULL,'2026-01-23 03:20:21');
/*!40000 ALTER TABLE `strength` ENABLE KEYS */;
UNLOCK TABLES;
/*!40103 SET TIME_ZONE=@OLD_TIME_ZONE */;

/*!40101 SET SQL_MODE=@OLD_SQL_MODE */;
/*!40014 SET FOREIGN_KEY_CHECKS=@OLD_FOREIGN_KEY_CHECKS */;
/*!40014 SET UNIQUE_CHECKS=@OLD_UNIQUE_CHECKS */;
/*!40101 SET CHARACTER_SET_CLIENT=@OLD_CHARACTER_SET_CLIENT */;
/*!40101 SET CHARACTER_SET_RESULTS=@OLD_CHARACTER_SET_RESULTS */;
/*!40101 SET COLLATION_CONNECTION=@OLD_COLLATION_CONNECTION */;
/*!40111 SET SQL_NOTES=@OLD_SQL_NOTES */;

-- Dump completed on 2026-01-25 12:01:41
